RecID,Recipe Name,Chef Name,Recipe Category,Recipe Description,Serving Size (PAX),Portion Size (grams or ounces),Plate Category,Cuisine Type,Cooking Method,Yield (Servings),RecipeImageCategory,Energy(kcal/100g),Fat(g/100g),SatFat(g/100g),Carb(g/100g),Sugar(g/100g),AddedSugar(g/100g),Fiber(g/100g),Protein(g/100g),Sodium(mg/100g),Salt(mg/100g),Cholesterol(g/100g),Vitamin D (g/100g),Calcium (g/100g),Iron(g/100g),Potassium(g/100g),%ofFruitsVegNutsOil,NUTRIGRADE,Celery,Cereals w/ Gluten,Crustaceans,Egg,Fish,Lupin,Milk,Molluscan Shellfish,Mustard,nuts,Peanut,Sesame,Soy,Sulfites,ALLERGENCONTAINS
AMMO-A-001,Beef lasagna,Amorim Montes Fabio Manuel,Meat,,20,180,Main Dish,Mediterranean,STEWED,4,"Italian Pasta (Spaghetti, Lasagna, Tagliatelle)",243.11,14.21,7.35,16.39,4.21,0.51,2.19,15.61,351.19,88.29,0.43,0.01,0.24,2.11,0.44,23.11,B,0,1,0,0,0,0,1,0,0,0,0,0,0,0,"Cereals w/ Gluten, Milk"
AMMO-A-003,Pork Adobo,Amorim Montes Fabio Manuel,Meat,,20,150,Second Section,International,STEWED,3,Stewed Pork,344.21,24.19,8.51,6.35,2.51,2.51,0.51,23.19,541.19,137.29,0.071,0.0012,0.021,0.011,0.351,5.19,C,0,0,0,0,0,0,0,0,0,0,0,0,1,0,Soy
AMMO-BF-012,Battered Fish,Amorim Montes Fabio Manuel,Fish & Seafood,Cod or hake fish for fish and chips,30,150,Main Dish,International,DEEP FRIED,20,Fish Dishes (General),234.15,12.51,1.93,15.62,0.42,0,0.71,17.39,351.19,88.23,0.43,0.0012,0.032,0.73,0.34,0,C,0,1,0,0,0,0,0,0,0,0,0,0,0,0,Cereals w/ Gluten
AMMO-BPR-009,BBQ Pork Ribs,Amorim Montes Fabio Manuel,Meat,Glazed BBQ Sauce Pork Ribs,20,200,Main Dish,International,ROAST,20,Roasted Pork,344.21,24.19,8.35,6.53,4.21,2.15,0.35,23.19,541.23,137.19,0.065,0.0012,0.021,0.012,0.35,5,C,0,1,0,0,0,0,0,0,1,0,0,0,1,1,"Cereals w/ Gluten, Mustard, Soy, Sulfites"
AMMO-CLD-006,Chicken Leg Drumsticks,Amorim Montes Fabio Manuel,Meat,Chicken Drumsticks,30,180,Main Dish,International,ROAST,180,Roasted Chicken,165.41,8.23,2.35,0.45,0.04,0.04,0.08,20.55,433.19,109.29,0.065,0.005,0.015,0.93,0.24,0,B,0,1,0,0,0,0,0,0,1,0,0,0,0,1,"Cereals w/ Gluten, Mustard, Sulfites"
AMMO-F-004,Roast Pork Neck,Amorim Montes Fabio Manuel,Meat,,20,180,Main Dish,International,ROAST,10,Roasted Pork,344.21,24.19,8.35,0.35,0.12,0,0,25.61,433.19,109.29,0.074,0.0012,0.021,0.012,0.35,0,C,0,1,0,0,0,0,0,0,1,0,0,0,0,1,"Cereals w/ Gluten, Mustard, Sulfites"
AMMO-MGP-008,Mashed Green Peas,Amorim Montes Fabio Manuel,Vegetables,Mashed peas to pair with Fish and chips,10,100,Garnish,International,STEWED,10,Steamed Vegetables,83.19,0.45,0.06,16.33,5.67,0,5.66,5.42,1.42,0.36,0,0,0.03,0.001,0.24,0.97,B,0,0,0,0,0,0,0,0,0,0,0,0,0,0,NONE
AMMO-N-002,Chick Peas Curry,Amorim Montes Fabio Manuel,Vegetables,,10,180,Second Section,International,STEWED,3,"Legume Stews (Lentil Stew, Chickpea Curry)",104.41,2.19,0.31,17.39,4.51,0,4.85,4.94,141.19,355.19,0,0,0.06,1.71,0.55,85.19,B,0,0,0,0,0,0,0,0,0,0,0,0,0,0,NONE
AMMO-NG-014,Nasi Goreng,Amorim Montes Fabio Manuel,Rice & Grains,Fried rice with veggies,30,200,Main Dish,International,FRIED,200,"Rice Stir-Fry (Fried Rice, Nasi Goreng)",154.21,3.41,0.51,28.19,1.41,0.21,1.81,3.51,351.19,89.21,0.13,0,0.02,0.81,0.93,25.11,C,1,0,0,1,0,0,0,0,0,0,0,0,1,0,"Celery, Egg, Soy"
AMMO-OS-012,OX-tail Stew,Amorim Montes Fabio Manuel,Meat,soft oxtail in a brown sauce,15,200,Second Section,International,STEWED,15,"Stewed Beef (Goulash, Beef Bourguignon)",243.11,14.29,4.35,10.41,3.19,0,1.35,20.59,434.78,109.69,0.06,0.01,0.03,0.02,0.35,23.45,B,1,1,0,0,0,0,0,0,0,0,0,0,0,0,"Celery, Cereals w/ Gluten"
AMMO-PA-010,penne arrabiata,Amorim Montes Fabio Manuel,Pasta,penne pasta with spicy tomato sauce,20,200,Second Section,Mediterranean,GRATED,20,"Italian Pasta (Spaghetti, Lasagna, Tagliatelle)",173.45,3.55,0.55,30.15,4.25,0,2.35,5.65,250,625,0,0,0.02,0.85,0.35,40,B,0,0,0,0,0,0,0,0,0,0,0,0,0,0,NONE
AMMO-PS-015,Pork Shaslik,Amorim Montes Fabio Manuel,Meat,Pork cubes in Skewers,20,180,Main Dish,International,GRILL,20,Skewers,243.11,14.51,4.93,6.19,2.35,0.41,0.81,23.19,541.19,136.91,0.065,0.0014,0.021,1.31,0.43,14.29,C,0,1,0,0,0,0,0,0,1,0,0,0,0,1,"Cereals w/ Gluten, Mustard, Sulfites"
AMMO-RB-015,Roast Beef,Amorim Montes Fabio Manuel,Meat,Beef striploin roasted,20,150,Main Dish,International,ROAST,20,Roasted Beef,233.85,14.41,4.93,0,0,0,0,26.59,54.41,13.85,0.074,0.0014,0.005,0.0027,0.035,0,B,0,0,0,0,0,0,0,0,1,0,0,0,0,0,Mustard
AMMO-SIC-010,Salmon in Crout,Amorim Montes Fabio Manuel,Fish & Seafood,salmon in puff pastry with spinach,15,150,Main Dish,International,ROAST,20,Fish Dishes (General),243.15,14.21,7.35,14.19,1.41,0,1.19,17.39,251.19,630.95,0.43,0.0012,0.021,0.85,0.24,20.15,B,0,1,0,1,0,0,0,0,0,0,0,0,0,0,"Cereals w/ Gluten, Egg"
AMMO-TGS-006,Tuna Grill Steak,Amorim Montes Fabio Manuel,Fish & Seafood,Simple tuna steak grilled,10,150,Main Dish,Mediterranean,GRILL,10,Grilled Fish,168,3.5,0.7,0,0,0,0,32.5,210,52.5,0.06,0.0004,0.01,0.0015,0.45,0,B,0,0,0,0,1,0,0,0,0,0,0,0,0,0,Fish
AMMO-V-005,Tilapia,Amorim Montes Fabio Manuel,Fish & Seafood,,20,180,Main Dish,International,STEAM,200,Steamed Fish,143,3.5,0.7,0,0,0,0,24.5,50,125,0.06,0.0004,0.02,0.001,0.4,5,B,0,0,0,0,1,0,0,0,0,0,0,0,0,0,Fish
AMMO-YP-015,yorkshire pudding,Amorim Montes Fabio Manuel,Soup,puddings for the roastbeef,10,40,Garnish,International,ROAST,10,"Egg-Based Dishes (Omelet, Frittata, Shakshuka)",245.51,9.41,1.71,28.19,2.41,0,1.21,6.31,104.17,260.43,0.08,0.001,0.08,1.71,0.51,0,C,0,0,0,1,0,0,1,0,0,0,0,0,0,0,"Egg, Milk"
BRDE-ACS-079,Bbq Spare Ribs,Brito de Oliveira Porfirio,Meat,Pork spare ribs roasted until tender,4,360,Main Dish,,ROAST,,Roasted Pork,343.21,26.45,8.91,6.23,4.19,3.51,0.35,23.19,541.19,137.19,0.065,0.0012,0.023,1.31,0.43,0.01,C,0,0,0,0,0,0,0,0,0,0,0,0,1,0,Soy
BRDE-B&VS-117,Beef & Vegetables Soup,Brito de Oliveira Porfirio,Soup,Hearty beef soup with mixed vegetables cooked in a rich broth.,4,300,Soup Of Day,,STEWED,,"Hearty Soups & Creams (Minestrone, Pumpkin Soup)",83.19,2.43,0.73,7.35,2.55,0,1.43,6.19,244.81,61.2,0.16,0,0.03,0.93,0.31,0.73,B,1,0,0,0,0,0,0,0,0,0,0,0,0,0,Celery
BRDE-BACC-170,Broccoli And Cauliflower Cheese,Brito de Oliveira Porfirio,Vegetables,Broccoli and cauliflower baked with creamy cheese sauce.,4,260,Side Dish,,BAKE,,Vegetarian Dish,154.21,10.39,6.93,6.19,2.41,0,2.51,5.93,244.85,61.21,0.23,0.01,0.19,0.73,0.35,55.12,B,0,0,0,0,0,0,0,0,0,0,0,0,0,0,NONE
BRDE-BB-027,Braised Beef,Brito de Oliveira Porfirio,Meat,Slow-braised beef cooked in rich stock until tender.,4,350,Main Dish,International,BRAISED,1400,Roasted Beef,233.19,14.29,3.51,6.19,2.39,0,0.81,23.19,351.19,883.95,0.06,0,0.02,0.02,0.35,14.29,B,0,0,0,0,0,0,0,0,0,0,0,0,0,0,NONE
BRDE-BB-090,Butter Beef,Brito de Oliveira Porfirio,Meat,Tender beef cooked in a creamy butter sauce with mild spices.,4,340,Main Dish,International,WARM,1360,"Stewed Beef (Goulash, Beef Bourguignon)",343.21,26.19,16.35,4.23,0.41,0,0.21,29.15,351.19,88.45,0.073,0.0004,0.012,0.0025,0.035,0.05,C,0,0,0,0,0,0,0,0,0,0,0,0,0,0,NONE
BRDE-BB-110,Beef Burger,Brito de Oliveira Porfirio,Meat,Grilled beef burger patty,4,180,Main Dish,International,GRILL,720,Grilled Beef,243.45,17.23,6.12,0,0,0,0,24.19,541.67,541.67,0.06,0.001,0.02,0.02,0.35,0,C,0,0,0,0,0,0,0,0,0,0,0,0,0,0,NONE
BRDE-BC-019,Beef Curry,Brito de Oliveira Porfirio,Meat,Slow-cooked beef in a spiced curry sauce.,4,340,Main Dish,International,STEWED,1360,"Stewed Beef (Goulash, Beef Bourguignon)",233.41,14.19,8.31,10.39,2.19,0,0.81,20.55,351.19,88.35,0.06,0,0.02,0.02,0.35,10.23,B,0,0,0,0,0,0,1,0,0,0,0,0,0,0,Milk
BRDE-BCP-027,Beef Cottage Pie,Brito de Oliveira Porfirio,Meat,Classic baked dish of minced beef topped with mashed potatoes.,4,380,Main Dish,International,WARM,1520,Roasted Beef,243.41,14.21,5.31,16.19,2.39,0,1.81,15.61,351.19,89.19,0.35,0,0.02,0.02,0.31,23.19,C,1,0,0,0,0,0,0,0,0,0,0,0,0,0,Celery
BRDE-BF-053,Breaded Fish,Brito de Oliveira Porfirio,Fish & Seafood,Breaded fish fillet fried until crispy.,4,330,Main Dish,International,FRIED,1320,Breaded Fish,234.15,10.31,1.71,10.19,0.45,0,0.35,20.55,351.19,883.79,0.046,0.0003,0.038,0.009,0.34,0,C,0,1,0,0,1,0,0,0,0,0,0,0,0,0,"Cereals w/ Gluten, Fish"
BRDE-BF-128,Baked Fish,Brito de Oliveira Porfirio,Fish & Seafood,"Baked fish fillet seasoned with lemon, garlic and herbs.",4,300,Main Dish,,BAKE,,Baked Fish Fillet,143.88,3.33,0.56,0.33,0,0,0,26.67,433.33,1097.5,0.06,0.0012,0.012,0.0015,0.42,0,B,0,0,0,0,1,0,0,0,0,0,0,0,0,0,Fish
BRDE-BFWPS-127,Baked Fish With Polish Sauce,Brito de Oliveira Porfirio,Fish & Seafood,Baked fish fillet served with traditional Polish-style egg and butter sauce.,4,320,Main Dish,,BAKE,,Baked Fish Fillet,173.41,8.51,2.53,0.31,0.05,0,0.05,20.85,241.19,606.98,0.43,0.0012,0.02,0.53,0.35,2.22,B,0,0,0,1,1,0,0,0,0,0,0,0,0,0,"Egg, Fish"
BRDE-BG-019,Beef Goulash,Brito de Oliveira Porfirio,Meat,Hungarian-style slow cooked beef stew with paprika.,4,350,Main Dish,International,STEWED,1400,"Stewed Beef (Goulash, Beef Bourguignon)",173.41,8.31,2.51,6.19,2.35,0,1.21,20.55,351.19,883.79,0.058,0,0.021,0.0025,0.35,23.07,B,0,0,0,0,0,0,0,0,0,0,0,0,0,0,NONE
BRDE-BG-067,Bami Goreng,Brito de Oliveira Porfirio,Pasta,Indonesian stir fried egg noodles with vegetables and soy sauce.,4,320,Side Dish,International,FRIED,1280,Stir-Fried Noodles (Asian Style),234.15,9.53,1.42,34.19,2.51,0,2.35,6.31,351.19,88.35,0,0,0.03,0.85,0.24,34.21,C,0,0,0,1,0,0,0,0,0,0,0,0,1,0,"Egg, Soy"
BRDE-BGS-019,Beef Grill Steak,Brito de Oliveira Porfirio,Meat,Juicy grilled beef steak seasoned simply with salt and pepper.,4,320,Main Dish,International,GRILL,1280,Grilled Beef,233.45,15.11,4.53,0,0,0,0,26.59,204.69,51.67,0.065,0.0014,0.005,0.0025,0.035,0,B,0,0,0,0,0,0,0,0,0,0,0,0,0,0,NONE
BRDE-BKC-027,Beef Kebab Cevapi,Brito de Oliveira Porfirio,Meat,Balkan-style grilled minced beef kebabs with spices.,4,320,Main Dish,International,GRILL,1280,Street Food,243.41,14.51,5.23,0.51,0.05,0,0.11,26.39,351.19,883.79,0.07,0,0.02,2.39,0.35,0,C,0,0,0,0,0,0,0,0,0,0,0,0,0,0,NONE
BRDE-BLS-048,Braised Lamb Shank,Brito de Oliveira Porfirio,Meat,Slow braised lamb shank cooked until tender in rich stock.,4,360,Main Dish,International,BRAISED,1440,Roast Lamb,243.12,14.51,5.23,6.21,1.39,0,0.71,23.19,351.19,89.19,0.08,0.01,0.02,0.03,0.35,12.5,B,1,0,0,0,0,0,0,0,0,0,0,0,0,0,Celery
BRDE-BM-019,Beef Masala,Brito de Oliveira Porfirio,Meat,Indian-style beef cooked with aromatic spices and masala sauce.,4,340,Main Dish,International,STEAM,1360,Stir-Fry Beef,143.21,3.41,0.91,6.23,2.19,0,1.21,23.19,351.19,883.95,0.061,0.001,0.021,0.0025,0.35,23.45,B,0,0,0,0,0,0,0,0,0,0,0,0,0,0,NONE
BRDE-BM-093,Belgium Mussels,Brito de Oliveira Porfirio,Fish & Seafood,Mussels cooked with garlic and herbs,4,350,Main Dish,International,STEAM,1400,"Shellfish Dishes (Shrimp, Mussels, Clams)",86.19,2.11,1.23,3.85,0.23,0,0.35,12.11,243.75,610.94,0.024,0.0012,0.046,0.012,0.23,0,B,0,0,1,0,1,0,0,1,0,0,0,0,0,0,"Crustaceans, Fish, Molluscan Shellfish"
BRDE-BML-019,Beef Meat Loaf,Brito de Oliveira Porfirio,Meat,Oven baked loaf made from seasoned minced beef.,4,340,Main Dish,International,WARM,1360,Roasted Beef,243.12,14.51,5.23,8.41,1.41,0.41,0.71,23.19,351.19,883.79,0.061,0.0014,0.023,2.31,0.351,12.51,B,0,1,0,0,0,0,0,0,0,0,0,0,0,0,Cereals w/ Gluten
BRDE-BMS-144,Beef Mushroom Stew,Brito de Oliveira Porfirio,Meat,Tender beef stewed with mushrooms,4,350,Main Dish,,STEWED,,"Stewed Beef (Goulash, Beef Bourguignon)",173.41,8.55,2.35,6.23,1.95,0,1.23,15.61,351.19,88.35,0.035,0,0.023,2.35,0.394,23.11,B,1,0,0,0,0,0,0,0,0,0,0,0,0,0,Celery
BRDE-BO-027,Braised Oxtail,Brito de Oliveira Porfirio,Meat,Slow braised oxtail cooked in rich stock until extremely tender.,4,350,Main Dish,International,BRAISED,1400,Roasted Beef,343.21,24.19,8.35,6.53,2.19,0,0.81,23.41,351.19,89.19,0.076,0.0012,0.021,2.53,0.35,14.29,B,1,0,0,0,0,0,0,0,0,0,0,0,0,0,Celery
BRDE-BP-019,Beef Pie,Brito de Oliveira Porfirio,Meat,Savory baked pie filled with minced beef and gravy.,4,360,Main Dish,International,FRIED,1440,Roasted Beef,343.21,23.19,10.35,20.56,1.23,0,0.93,15.61,434.12,109.28,0.035,0.001,0.017,1.53,0.235,12.5,C,1,1,0,0,0,0,0,0,0,0,0,0,0,0,"Celery, Cereals w/ Gluten"
BRDE-BP-067,Beef Pasta,Brito de Oliveira Porfirio,Pasta,Pasta with minced beef and tomato sauce.,4,320,Main Dish,International,WARM,1280,"Italian Pasta (Spaghetti, Lasagna, Tagliatelle)",245.51,9.15,2.51,28.19,4.39,0.49,2.35,18.29,351.19,88.29,0.35,0.01,0.17,2.19,0.43,10.19,B,0,0,0,0,0,0,0,0,0,0,0,0,0,0,NONE
BRDE-BP-135,Beef Pie,Brito de Oliveira Porfirio,Meat,Savoury baked pie filled with ground beef and vegetables,4,360,Main Dish,,BAKE,,"Cheese-Based Dishes (Gratin, Cheese Pie, Fondue)",344.21,23.19,9.35,20.15,2.51,0,1.41,18.39,434.19,109.55,0.058,0.0012,0.017,2.33,0.35,15.63,C,1,1,0,0,0,0,0,0,0,1,0,0,0,0,"Celery, Cereals w/ Gluten, nuts"
BRDE-BPB-042,BBQ Pork Belly,Brito de Oliveira Porfirio,Meat,Crispy grilled pork belly with barbecue glaze.,4,340,Side Dish,International,GRILL,1360,Grilled Pork,541.23,45.67,14.21,6.54,4.23,3.45,0.23,25.11,543.21,137.38,0.71,0.01,0.02,0.85,0.35,5.21,D,0,0,0,0,0,0,0,0,0,0,0,0,1,0,Soy
BRDE-BPC-042,Breaded Pork Chops,Brito de Oliveira Porfirio,Meat,Crispy breaded pork chops pan fried until golden.,4,330,Main Dish,International,FRIED,1320,Breaded Pork,344.21,20.55,7.35,10.19,0.55,0,0.35,25.19,450.19,1140.48,0.065,0.0012,0.021,0.93,0.43,0,C,0,1,0,0,0,0,0,0,0,0,0,0,0,0,Cereals w/ Gluten
BRDE-BPWEAR-136,Baked Pepper With Eggplant And Rice,Brito de Oliveira Porfirio,Plant-Based,"Bell peppers stuffed with rice, eggplant and vegetables.",4,330,Main Dish,,BAKE,,Vegetarian Dish,154.21,2.51,0.35,28.19,6.21,0,4.31,3.51,351.19,88,0,0,0.03,0.85,541.19,85,B,0,0,0,1,0,0,0,0,0,0,0,0,0,0,Egg
BRDE-BQ-166,Beef Quesadillas,Brito de Oliveira Porfirio,Wraps & Sandwiches,"Grilled tortillas filled with seasoned beef, vegetables and melted cheese.",4,320,Main Dish,,GRILL,,Wraps-Tortillas,334.21,18.39,7.31,24.19,4.21,0.51,2.53,20.85,441.19,110.85,0.051,0.0003,0.192,2.53,0.394,23.15,C,0,0,0,0,0,0,0,0,0,0,0,0,0,0,NONE
BRDE-BR-027,Beef Rendang,Brito de Oliveira Porfirio,Meat,Indonesian slow-cooked beef in rich coconut and spice paste.,4,340,Main Dish,International,WARM,1360,Stir-Fry Beef,343.21,26.45,18.23,6.53,1.21,0,0.81,23.19,351.19,883.79,0.065,0.0012,0.021,0.0025,0.351,14.21,C,0,0,0,0,0,0,1,0,0,0,0,0,0,0,Milk
BRDE-BR-179,Beef Rendang,Brito de Oliveira Porfirio,Meat,Slow-cooked Indonesian-style beef stew.,4,350,Main Dish,,STEWED,,"Stewed Beef (Goulash, Beef Bourguignon)",243.41,17.19,12.35,6.53,1.41,0,0.81,20.35,341.19,863.79,0.06,0,0.02,0.02,0.35,0.23,C,0,0,0,0,0,0,1,0,0,0,0,0,0,0,Milk
BRDE-BRCL-125,Bbq Roast Chicken Legs,Brito de Oliveira Porfirio,Meat,Roasted chicken legs glazed with barbecue sauce,4,340,Main Dish,,ROAST,,"Hearty Soups & Creams (Minestrone, Pumpkin Soup)",194.41,8.45,2.31,4.24,2.51,2.51,0.21,26.55,434.41,109.36,0.065,0.005,0.015,0.93,0.29,0,B,0,0,0,0,0,0,0,0,0,0,0,0,1,0,Soy
BRDE-BS-079,Beans Soup,Brito de Oliveira Porfirio,Soup,Traditional bean soup cooked with vegetables and herbs.,4,250,Soup Of Day,International,WARM,1000,"Hearty Soups & Creams (Minestrone, Pumpkin Soup)",140.23,2.11,0.31,24.19,4.23,0,4.51,8.19,201.19,505.19,0,0,0.53,2.31,814.19,80,B,1,0,0,0,0,0,0,0,0,0,0,0,0,0,Celery
BRDE-BSM-142,Belgian Style Mussels,Brito de Oliveira Porfirio,Fish & Seafood,,4,350,Main Dish,,STEAM,,"Shellfish Dishes (Shrimp, Mussels, Clams)",86.19,2.11,0.83,3.95,0.71,0,0.41,12.11,243.75,612.19,0.24,0,0.04,0.02,0.23,0,B,1,0,1,0,1,0,0,1,0,0,0,0,0,0,"Celery, Crustaceans, Fish, Molluscan Shellfish"
BRDE-C&CS-116,Carrots & Cauliflower Soup,Brito de Oliveira Porfirio,Soup,"Smooth vegetable soup made with carrots, cauliflower and onions",4,280,Soup Of Day,,STEWED,,"Hearty Soups & Creams (Minestrone, Pumpkin Soup)",54.41,2.23,0.83,8.35,4.23,0,2.41,1.41,241.19,606.91,0.01,0,0.03,0.41,0.31,80,B,1,0,0,0,0,0,0,0,0,0,0,0,0,0,Celery
BRDE-C-137,Croquettes,Brito de Oliveira Porfirio,Meat,Crispy fried croquettes filled with creamy potato and meat mixture.,4,180,Side Dish,,DEEP FRIED,,"Cheese-Based Dishes (Gratin, Cheese Pie, Fondue)",343.21,23.19,8.51,24.39,1.21,0,2.35,13.49,451.19,114.29,0.71,0.01,0.23,1.93,0.73,0.23,C,0,1,0,1,0,0,0,0,0,0,0,0,0,0,"Cereals w/ Gluten, Egg"
BRDE-CAB-133,Couscous And Buckwheat,Brito de Oliveira Porfirio,Plant-Based,Mixed couscous and buckwheat served with oil and herbs.,4,220,Side Dish,,STEAM,,Vegetarian Dish,154.29,2.47,0.35,28.49,1.21,0,4.23,5.51,210.91,210.91,0,0,0.02,0.85,0.43,0.15,B,1,0,0,0,0,0,0,0,0,0,0,0,0,0,Celery
BRDE-CÁLK-149,Chicken Á La King,Brito de Oliveira Porfirio,Meat,"Creamy chicken dish with mushrooms, bell peppers and rich sauce.",4,340,Main Dish,,STEWED,,"Stewed Poultry (Coq Au Vin, Chicken Curry)",174.41,10.31,6.19,6.19,1.41,0,1.41,20.51,351.19,88.35,0.06,0,0.02,0.01,0.34,23.08,B,1,1,0,0,0,0,0,0,0,0,0,0,0,0,"Celery, Cereals w/ Gluten"
BRDE-CB-027,Chinese Beef,Brito de Oliveira Porfirio,Meat,Chinese-style beef cooked with soy sauce and vegetables.,4,320,Main Dish,International,FRIED,1280,Stir-Fry Beef,243.12,14.21,2.53,8.19,2.35,0.45,1.42,23.19,541.91,137.29,0.06,0,0.02,0.02,0.35,24.56,B,0,0,0,0,1,0,0,0,0,0,0,0,1,0,"Fish, Soy"
BRDE-CC-005,Chilli Chicken,Brito de Oliveira Porfirio,Meat,Spicy Indo-Chinese stir-fried chicken with peppers and chili sauce.,4,320,Main Dish,Arabic,FRIED,1280,Stir-Fry Chicken,233.19,12.41,2.35,10.39,2.51,0.71,1.85,23.19,434.38,109.59,0.065,0.0012,0.021,0.93,0.43,23.15,B,0,0,0,0,0,0,0,0,0,0,0,0,1,0,Soy
BRDE-CC-006,Chicken Curry,Brito de Oliveira Porfirio,Meat,Mild spiced chicken curry with aromatic gravy.,4,380,Main Dish,Arabic,STEWED,1520,"Legume Stews (Lentil Stew, Chickpea Curry)",174.41,10.35,7.19,6.19,1.41,0,1.19,15.61,351.19,883.79,0.036,0.0012,0.021,0.93,0.235,23.11,B,0,0,0,0,0,0,1,0,0,0,0,0,0,0,Milk
BRDE-CC-012,Cheese Chicken,Brito de Oliveira Porfirio,Meat,Creamy chicken breast cooked with melted cheese and mild seasoning.,4,330,Main Dish,International,FRIED,1320,Breaded Chicken,243.41,14.29,7.35,4.38,0.55,0,0.21,24.85,434.48,109.36,0.065,0.0012,0.173,0.93,0.345,5.26,C,0,0,0,0,0,0,0,0,0,0,0,0,0,0,NONE
BRDE-CC-150,Cheese Cauliflower,Brito de Oliveira Porfirio,Vegetables,Cauliflower baked with creamy cheese sauce,4,250,Side Dish,,BAKE,,Vegetarian Dish,174.41,12.31,8.23,6.23,2.41,0,2.51,6.39,341.19,863.79,0.03,0.001,0.19,0.63,0.42,60.23,B,0,0,0,0,0,0,0,0,0,0,0,0,0,0,NONE
BRDE-CG-012,Chicken Gyros,Brito de Oliveira Porfirio,Meat,Greek-style grilled chicken served with pita bread and herbs.,4,320,Main Dish,Mediterranean,GRILL,1280,Grilled Chicken,143.19,3.44,0.93,0.43,0.12,0,0.08,30.59,351.19,89.01,0.073,0.0014,0.012,0.93,0.35,5.41,B,0,0,0,0,0,0,0,0,0,0,0,0,0,0,NONE
BRDE-CG-143,Chicory Gratin,Brito de Oliveira Porfirio,Plant-Based,Belgian-style baked chicory,4,260,Side Dish,,BAKE,,Vegetarian Dish,154.29,11.54,7.31,6.19,2.49,0,2.35,5.51,433.08,108.27,0.03,0,0.07,0.73,0.42,40,C,0,0,0,0,0,0,0,0,0,0,0,0,0,0,NONE
BRDE-CGT-002,Chicken General Tso,Brito de Oliveira Porfirio,Meat,Crispy fried chicken coated in sweet and spicy sauce.,4,330,Main Dish,International,DEEP FRIED,1320,Stir-Fry Chicken,344.21,20.19,3.41,24.11,8.19,6.19,0.71,23.19,541.19,137.19,0.061,0.0012,0.021,1.19,0.431,5.19,C,0,0,0,0,0,0,0,0,0,0,0,0,1,0,Soy
BRDE-CISS-181,Chicken In Spinach Sauce,Brito de Oliveira Porfirio,Meat,Tender chicken breast pieces cooked in a creamy spinach and garlic sauce.,4,340,Main Dish,,STEWED,,"Stewed Poultry (Coq Au Vin, Chicken Curry)",174.41,10.33,6.23,4.19,1.41,0,1.35,20.55,434.79,109.35,0.056,0.001,0.073,0.93,0.345,23.41,B,1,0,0,0,0,0,0,0,0,0,0,0,0,0,Celery
BRDE-CK-002,Chicken Kentucky,Brito de Oliveira Porfirio,Meat,Crispy deep-fried chicken coated in seasoned flour.,4,320,Main Dish,International,DEEP FRIED,1280,Breaded Chicken,294.12,17.41,3.19,10.35,0.55,0,0.81,23.19,433.91,109.23,0.065,0.0012,0.021,0.93,0.235,0,C,0,1,0,0,0,0,1,0,0,0,0,0,0,0,"Cereals w/ Gluten, Milk"
BRDE-CKWTS-154,Chicken Kiev With Tomato Sauce,Brito de Oliveira Porfirio,Meat,Breaded chicken breast stuffed with garlic butter and served with tomato sauce.,4,340,Main Dish,,FRIED,,Breaded Chicken,344.21,23.19,8.41,14.59,2.35,0.35,1.21,24.39,434.19,109.29,0.065,0.0012,0.021,0.0018,0.34,12.5,C,0,1,0,1,0,0,0,0,0,0,0,0,0,0,"Cereals w/ Gluten, Egg"
BRDE-CL-072,Chicken Lasagna,Brito de Oliveira Porfirio,Meat,"Lasagna layered with chicken, béchamel sauce and mozzarella cheese.",4,360,Main Dish,International,WARM,1440,"Italian Pasta (Spaghetti, Lasagna, Tagliatelle)",243.12,14.21,8.35,14.19,2.31,0.41,0.71,20.39,434.12,108.53,0.065,0.0012,0.234,0.012,0.231,5.21,B,0,0,0,0,0,0,0,0,0,0,0,0,0,0,NONE
BRDE-CLSWV&C-164,Chicken Legs Stuffed With Vegetables & Cheese,Brito de Oliveira Porfirio,Meat,Roasted chicken legs stuffed with mixed vegetables and cheese.,4,360,Main Dish,,ROAST,,Meat Stuffed Vegetables,194.41,10.33,3.19,4.19,1.41,0,1.19,24.51,434.17,109.29,0.065,0.0012,0.021,0.0018,0.35,23.15,B,0,0,0,0,0,0,0,0,0,0,0,0,0,0,NONE
BRDE-CM-007,Chicken Masala,Brito de Oliveira Porfirio,Meat,Spiced tomato-based chicken masala with rich sauce.,4,390,Main Dish,International,STEWED,1560,"Stewed Poultry (Coq Au Vin, Chicken Curry)",154.21,8.41,2.35,6.19,2.11,0,1.41,15.61,351.19,883.79,0.034,0.001,0.021,0.93,0.235,23.11,B,0,0,0,0,0,0,0,0,0,0,0,0,0,0,NONE
BRDE-CMS-158,Chicken Meatballs Soup,Brito de Oliveira Porfirio,Soup,"Light chicken soup with homemade chicken meatballs, vegetables and savoury broth.",4,300,Soup Of Day,,STEWED,,"Hearty Soups & Creams (Minestrone, Pumpkin Soup)",83.41,2.39,0.63,6.19,2.23,0,1.21,7.35,341.19,86.55,0.23,0.01,0.04,0.73,0.24,44.12,B,1,1,0,1,0,0,0,0,0,0,0,0,0,0,"Celery, Cereals w/ Gluten, Egg"
BRDE-CP-001,Chicken Piri-Piri,Brito de Oliveira Porfirio,Meat,"Spicy Portuguese-style grilled chicken marinated with chili, garlic and herbs.",4,350,Main Dish,International,ROAST,1400,Roasted Chicken,165.41,7.23,1.63,0.43,0.12,0,0.13,26.15,433.57,109.39,0.065,0.005,0.012,0.93,0.33,5.71,B,0,0,0,0,0,0,0,0,0,0,0,0,0,0,NONE
BRDE-CP-007,Chicken Pie,Brito de Oliveira Porfirio,Meat,Baked chicken pie with creamy filling and pastry crust.,4,380,Side Dish,International,WARM,1520,Roasted Chicken,344.21,22.15,12.31,24.19,2.35,0,1.41,18.29,434.12,109.28,0.065,0.0012,0.034,0.0083,0.231,14.21,B,0,1,0,0,0,0,0,0,0,0,0,0,0,0,Cereals w/ Gluten
BRDE-CP-012,Chicken Parmigiano,Brito de Oliveira Porfirio,Meat,Breaded chicken breast topped with tomato sauce and melted cheese.,4,350,Main Dish,International,FRIED,1400,Breaded Chicken,243.11,12.19,3.51,10.41,2.31,0.41,0.81,23.19,434.11,109.28,0.065,0.0012,0.194,1.051,0.351,14.29,B,0,1,0,0,0,0,0,0,0,0,0,0,0,0,Cereals w/ Gluten
BRDE-CP-060,Cheese Pasta,Brito de Oliveira Porfirio,Pasta,Creamy penne pasta with cheddar and parmesan cheese sauce.,4,320,Side Dish,International,WARM,1280,"Italian Pasta (Spaghetti, Lasagna, Tagliatelle)",384.21,22.15,13.41,30.19,2.51,0,1.41,14.29,351.19,89.19,0.06,0.01,0.28,0.71,0.14,0,C,0,0,0,0,0,0,0,0,0,0,0,0,0,0,NONE
BRDE-CP-062,Cream Pasta,Brito de Oliveira Porfirio,Pasta,"Creamy pasta with garlic, cream and parmesan cheese.",4,320,Side Dish,Mediterranean,WARM,1280,"Italian Pasta (Spaghetti, Lasagna, Tagliatelle)",382.41,22.19,14.29,35.59,2.41,0,1.41,10.29,351.19,883.79,0.071,0.001,0.201,0.71,0.131,5,C,0,0,0,0,0,0,0,0,0,0,0,0,0,0,NONE
BRDE-CP-074,Cream Potatoes,Brito de Oliveira Porfirio,Rice & Grains,Sliced potatoes baked in cream with cheese.,4,250,Side Dish,International,WARM,1000,Potatoes,124.41,7.41,4.63,14.19,1.19,0,2.19,2.51,241.19,606.95,0.02,0,0.09,0.69,0.94,20,C,0,0,0,0,0,0,0,0,0,0,0,0,0,0,NONE
BRDE-CP-153,Carrot Pancakes,Brito de Oliveira Porfirio,Vegetables,Savoury carrot pancakes pan-fried until crispy.,4,220,Side Dish,,FRIED,,Vegetarian Dish,184.41,8.51,1.63,20.39,4.19,0,2.93,6.31,241.82,606.45,0.08,0,0.17,1.35,0.36,0.43,C,0,1,0,1,0,0,0,0,0,0,0,0,0,0,"Cereals w/ Gluten, Egg"
BRDE-CP-162,Chinese Pork,Brito de Oliveira Porfirio,Meat,Stir-fried pork strips with vegetables and soy-based sauce.,4,330,Main Dish,,STIR FRY,,Stir-Fry Pork,173.41,8.31,1.93,6.19,2.41,0,1.83,15.61,434.55,109.64,0.035,0,0.021,0.0013,0.235,34.48,B,0,0,0,0,1,0,0,0,0,0,0,0,1,0,"Fish, Soy"
BRDE-CROB-165,Chicken Roll On Bacon,Brito de Oliveira Porfirio,Meat,hicken breast rolled with bacon and herbs.,4,340,Main Dish,,ROAST,,Roasted Chicken,243.19,12.41,3.93,4.23,0.41,0,0.55,29.19,541.19,1373.95,0.073,0.0012,0.018,0.0013,0.34,5.26,B,0,0,0,0,0,0,0,0,0,0,0,0,0,0,NONE
BRDE-CS-007,Chicken Stroganoff,Brito de Oliveira Porfirio,Meat,Creamy chicken stroganoff with mushrooms and mild seasoning.,4,350,Main Dish,International,BRAISED,1400,"Stewed Poultry (Coq Au Vin, Chicken Curry)",173.41,8.31,2.51,4.39,1.19,0,0.71,23.19,434.11,109.28,0.065,0.0012,0.012,0.93,0.34,23.19,B,0,0,0,0,0,0,0,0,1,0,0,0,0,0,Mustard
BRDE-CS-011,Chicken Shawarma,Brito de Oliveira Porfirio,Meat,Middle Eastern spiced roasted chicken served with flatbread.,4,330,Main Dish,International,ROAST,1320,Roasted Chicken,194.41,10.39,2.45,4.24,1.11,0,0.55,24.19,433.33,1093.33,0.065,0.0012,0.015,1.13,0.235,5.56,B,0,0,0,0,0,0,0,0,0,0,0,0,0,0,NONE
BRDE-CS-012,Chicken Shashlik,Brito de Oliveira Porfirio,Meat,Marinated chicken skewers with vegetables grilled to perfection.,4,330,Side Dish,International,GRILL,1320,Skewers,143.21,3.51,0.83,6.23,2.35,0,1.43,23.19,351.19,883.95,0.065,0.0012,0.015,0.93,0.33,34.21,B,0,0,0,0,0,0,0,0,0,0,0,0,0,0,NONE
BRDE-CS-079,Chicken Soup,Brito de Oliveira Porfirio,Soup,Classic chicken soup with vegetables and clear broth.,4,260,Soup Of Day,International,WARM,1040,"Hearty Soups & Creams (Minestrone, Pumpkin Soup)",55.21,1.42,0.39,6.13,1.85,0,0.93,4.31,351.19,89.21,0.23,0.01,0.02,0.51,0.24,0.25,B,1,0,0,0,0,0,0,0,0,0,0,0,0,0,Celery
BRDE-CS-163,Chicken Steak,Brito de Oliveira Porfirio,Meat,Grilled chicken breast steak lightly seasoned.,4,300,Main Dish,,GRILL,,Grilled Chicken,165.41,3.59,0.93,0.17,0.01,0,0.01,31.19,433.33,109.33,0.085,0.0012,0.012,0.93,0.33,0,B,0,0,0,0,0,0,0,0,0,0,0,0,0,0,NONE
BRDE-CS-171,Calamares Stew,Brito de Oliveira Porfirio,Fish & Seafood,"Tender calamari rings stewed with tomato sauce, onion, garlic and herbs.",4,330,Side Dish,,STEWED,,"Shellfish Dishes (Shrimp, Mussels, Clams)",143.19,4.41,0.63,12.19,5.31,0,2.19,14.29,434.48,109.36,0.23,0,0.04,0.93,0.41,0.43,B,1,0,0,0,1,0,0,1,0,0,0,0,0,0,"Celery, Fish, Molluscan Shellfish"
BRDE-CSS&C-012,Chicken Stuffed Spinach & Cheese,Brito de Oliveira Porfirio,Meat,"Chicken breast stuffed with spinach and melted cheese, baked until tender.",4,340,Main Dish,International,FRIED,1360,"Cheese-Based Dishes (Gratin, Cheese Pie, Fondue)",174.41,7.39,2.31,0.43,0.08,0,0.11,26.61,433.75,109.38,0.065,0.0012,0.012,0.93,0.33,12.19,B,0,0,0,0,0,0,0,0,0,0,0,0,0,0,NONE
BRDE-CSWB&T-141,Chicken Steak With Bacon & Tomato,Brito de Oliveira Porfirio,Meat,Grilled chicken breast served with crispy bacon and tomato sauce.,4,340,Main Dish,,GRILL,,Grilled Chicken,194.41,8.31,2.41,4.69,2.19,0,0.61,29.85,433.75,109.34,0.073,0.0014,0.015,1.34,0.43,14.29,B,0,0,0,0,0,0,0,0,0,0,0,0,0,0,NONE
BRDE-CSWMS-151,Chicken Steak With Mustard Sauce,Brito de Oliveira Porfirio,Meat,Grilled chicken breast steak served with a creamy  mustard sauce.,4,340,Main Dish,,GRILL,,Grilled Chicken,194.41,8.55,2.53,4.24,0.55,0,0.15,30.49,434.59,109.65,0.074,0.0012,0.012,0.93,0.43,0,B,1,0,0,0,0,0,0,0,1,0,0,0,0,0,"Celery, Mustard"
BRDE-CSWPS-145,Chicken Satay With Peanut Sauce,Brito de Oliveira Porfirio,Meat,Grilled marinated chicken skewers served with a creamy peanut sauce.,4,330,Main Dish,,GRILL,,Skewers,243.41,14.19,3.53,6.35,1.19,0,0.85,23.55,433.75,109.34,0.065,0.0012,0.015,0.93,0.235,12.5,B,0,0,0,0,0,0,1,0,0,0,1,0,1,0,"Milk, Peanut, Soy"
BRDE-CT-007,Chicken Tortillas,Brito de Oliveira Porfirio,Wraps & Sandwiches,Mexican tortillas filled with seasoned chicken and vegetables.,4,320,Side Dish,International,WARM,1280,Wraps-Tortillas,194.41,6.43,1.23,20.19,2.55,0,2.35,18.29,351.19,88.45,0.035,0.0012,0.032,1.23,0.235,34.21,B,0,0,0,0,0,0,0,0,0,0,0,0,0,0,NONE
BRDE-CTWMS-104,Chicken Thigh with Mustard Sauce,Brito de Oliveira Porfirio,Meat,Chicken Thigh with Mustard Sauce,4,340,Main Dish,International,GRILL,1360,Grilled Chicken,194.41,10.53,2.93,2.31,0.41,0,0.11,24.85,241.19,606.95,0.065,0.0012,0.012,0.93,0.24,0,B,0,0,0,0,0,0,0,0,1,0,0,0,0,0,Mustard
BRDE-CV-079,Curry Vegetables,Brito de Oliveira Porfirio,Vegetables,Mixed vegetables simmered in mild coconut curry sauce.,4,240,Side Dish,International,WARM,960,Vegetarian Dish,54.41,2.51,1.93,7.35,2.55,0,2.23,1.44,233.75,233.75,0,0,0.03,0.63,0.31,80,B,0,0,0,0,0,0,1,0,0,0,0,0,0,0,Milk
BRDE-ENWV-168,Egg Noodles With Vegetables,Brito de Oliveira Porfirio,Plant-Based,Stir-fried egg noodles with mixed vegetables and soy sauce.,4,320,Side Dish,,STIR FRY,,Stir-Fried Noodles (Asian Style),173.41,4.23,0.63,28.19,4.35,1.25,2.91,5.51,351.19,89.15,0.13,0,0.04,0.93,0.35,63.16,B,0,0,0,1,1,0,0,0,0,0,0,0,1,0,"Egg, Fish, Soy"
BRDE-EP-131,Eggplant Parmigiana,Brito de Oliveira Porfirio,Vegetables,"Baked eggplant layered with tomato sauce, mozzarella and parmesan cheese.",4,330,Side Dish,,BAKE,,Vegetarian Dish,154.21,8.55,2.93,14.19,6.35,0,4.23,5.51,351.19,88.45,0.13,0.01,0.17,0.83,0.94,67.21,B,0,1,0,1,0,0,0,0,0,0,0,0,0,0,"Cereals w/ Gluten, Egg"
BRDE-FB-111,Fish Burguer,Brito de Oliveira Porfirio,Fish & Seafood,Grilled Fish Burguer patty,4,150,Main Dish,International,GRILL,600,Breaded Fish,165.38,3.41,0.71,0,0,0,0,23.45,45,45,0.046,0.0012,0.012,0.23,0.34,0,B,0,1,0,0,1,0,0,0,0,0,0,0,0,0,"Cereals w/ Gluten, Fish"
BRDE-FBF-114,Fried Breaded Fish,Brito de Oliveira Porfirio,Fish & Seafood,Breaded fish  fillet fried until crispy and golden.,4,320,Main Dish,,FRIED,1280,Breaded Fish,234.15,12.31,2.19,10.39,0.55,0,0.63,20.19,351.19,89.19,0.43,0.01,0.12,0.73,0.35,0,C,0,1,0,1,1,0,0,0,0,0,0,0,0,0,"Cereals w/ Gluten, Egg, Fish"
BRDE-FBS-130,Fried Breaded Shrimps,Brito de Oliveira Porfirio,Fish & Seafood,Crispy breaded shrimps fried until golden and served hot.,4,220,Side Dish,,DEEP FRIED,,"Shellfish Dishes (Shrimp, Mussels, Clams)",294.41,17.39,2.51,14.19,0.61,0,0.61,20.39,433.33,1097.5,0.13,0.0013,0.13,1.19,0.24,0,D,0,1,1,1,1,0,0,0,0,0,0,0,0,0,"Cereals w/ Gluten, Crustaceans, Egg, Fish"
BRDE-FC-054,Fish Curry,Brito de Oliveira Porfirio,Fish & Seafood,Fish pieces simmered in aromatic coconut curry sauce.,4,330,Main Dish,International,WARM,1320,Fish Dishes (General),154.21,7.39,5.31,4.23,0.41,0,0.21,20.19,351.19,883.95,0.43,0.0012,0.017,0.63,0.43,10,B,0,0,0,0,1,0,1,0,0,0,0,0,0,0,"Fish, Milk"
BRDE-FC-095,Fried Calamari,Brito de Oliveira Porfirio,Fish & Seafood,Crispy fried squid rings coated in seasoned flour.,4,250,Side Dish,International,DEEP FRIED,1000,"Shellfish Dishes (Shrimp, Mussels, Clams)",294.41,15.61,2.31,20.39,0.51,0,0.71,14.19,351.19,89.29,0.23,0.01,0.17,0.93,0.24,0,D,0,1,0,0,1,0,0,1,0,0,0,0,0,0,"Cereals w/ Gluten, Fish, Molluscan Shellfish"
BRDE-FC-120,Fried Calamares,Brito de Oliveira Porfirio,Fish & Seafood,Crispy fried calamari rings coated in seasoned flour.,4,250,Side Dish,,DEEP FRIED,,Baked Fish Fillet,294.12,17.41,2.55,14.19,0.51,0,0.71,14.29,351.19,89.29,0.23,0,0.04,0.73,0.22,0,D,0,1,0,0,1,0,0,1,0,0,0,0,0,0,"Cereals w/ Gluten, Fish, Molluscan Shellfish"
BRDE-FF-052,Fried Fish,Brito de Oliveira Porfirio,Fish & Seafood,Crispy fried fillet coated lightly with flour.,4,320,Main Dish,International,FRIED,1280,Baked Fish Fillet,233.41,12.19,1.83,6.31,0,0,0,20.51,433.75,1093.75,0.065,0.0013,0.023,0.63,0.43,0,C,0,0,0,0,1,0,0,0,0,0,0,0,0,0,Fish
BRDE-FF-078,French Fries,Brito de Oliveira Porfirio,Potatoes,Crispy deep fried potato sticks,4,250,Side Dish,International,DEEP FRIED,1000,French Fries,225,12,1.8,25,0.5,0,2.5,2.5,350,350,0,0,0.01,0.5,0.6,20,C,0,0,0,0,0,0,0,0,0,0,0,0,0,0,NONE
BRDE-FF-138,Fried Frikandel,Brito de Oliveira Porfirio,Meat,Dutch-style minced meat sausage fried,4,220,Side Dish,,DEEP FRIED,,Street Food,344.21,26.19,8.35,10.41,2.51,1.89,0.71,14.19,541.19,136.55,0.35,0.01,0.13,1.21,0.42,5.12,D,0,0,0,0,0,0,0,0,0,0,0,0,0,0,NONE
BRDE-FF-174,Fish Fingers,Brito de Oliveira Porfirio,Fish & Seafood,Breaded fish fillet strips fried until golden,4,300,Side Dish,,FRIED,,Breaded Fish,234.15,12.31,1.83,14.19,0.51,0,0.71,18.39,351.19,88,0.36,0.0012,0.038,0.73,0.34,0,C,0,1,0,1,1,0,0,0,0,0,0,0,0,0,"Cereals w/ Gluten, Egg, Fish"
BRDE-FG-056,Fish Gratin,Brito de Oliveira Porfirio,Fish & Seafood,Fish baked with cream and Gruyère cheese until golden.,4,340,Main Dish,International,GRATED,1360,Baked Fish Fillet,224.15,14.29,9.19,2.51,0.51,0,0,20.39,351.19,89.29,0.43,0.01,0.19,0.63,0.35,0,B,0,0,0,0,1,0,0,0,0,0,0,0,0,0,Fish
BRDE-FG-115,Fish Gratin,Brito de Oliveira Porfirio,Fish & Seafood,Fish fillet baked with cream and cheese until golden.,4,340,Main Dish,,BAKE,,Baked Fish Fillet,223.45,14.21,8.51,4.39,0.41,0,0.21,23.19,351.19,88.29,0.59,0.0012,0.17,0.73,0.43,5.26,B,0,0,0,0,1,0,0,0,0,0,0,0,0,0,Fish
BRDE-FOS-079,French Onion Soup,Brito de Oliveira Porfirio,Soup,Classic French soup made with caramelized onions and beef broth.,4,260,Soup Of Day,International,WARM,1040,"Hearty Soups & Creams (Minestrone, Pumpkin Soup)",124.41,7.35,4.23,12.19,4.23,0,1.69,4.35,434.62,109.65,0.15,0,0.19,0.85,0.24,20,C,1,1,0,0,0,0,0,0,0,0,0,0,0,0,"Celery, Cereals w/ Gluten"
BRDE-FW-121,Fried Wedges,Brito de Oliveira Porfirio,Potatoes,Crispy fried potato wedges,4,250,Side Dish,,FRIED,,Potatoes,244.41,14.29,2.05,24.19,0.71,0,2.35,2.51,351.19,89.45,0,0,0.03,0.65,0.59,20,C,0,0,0,0,0,0,0,0,0,0,0,0,0,0,NONE
BRDE-GC-176,Grilled Cauliflower,Brito de Oliveira Porfirio,Vegetables,"Cauliflower florets grilled with olive oil, garlic and herbs",4,220,Side Dish,,GRILL,,Roasted Vegetables,25,0.5,0.1,5,1.5,0,2,2,50,125,0,0,0.02,0.2,0.4,90,A,0,0,0,0,0,0,0,0,0,0,0,0,0,0,NONE
BRDE-GCT-123,Grilled Chicken Thigh,Brito de Oliveira Porfirio,Meat,Boneless chicken thigh grilled ,4,320,Main Dish,,GRILL,,Grilled Chicken,165.38,8.19,2.25,0.17,0.01,0,0.01,24.83,433.75,109.38,0.065,0.0012,0.012,0.93,0.24,0,B,0,0,0,0,0,0,0,0,0,0,0,0,0,0,NONE
BRDE-GF-051,Grill Fish,Brito de Oliveira Porfirio,Fish & Seafood,Fresh fish fillet grilled with simple herbs and olive oil.,4,320,Main Dish,International,GRILL,1280,Grilled Fish,143.88,3.55,0.63,0,0,0,0,26.38,63.19,158.98,0.065,0.0004,0.012,0.0035,0.41,0,B,0,0,0,0,1,0,0,0,0,0,0,0,0,0,Fish
BRDE-GFWB-159,Grill Fish With Broccoli,Brito de Oliveira Porfirio,Fish & Seafood,Grilled fish fillet served with steamed broccoli and light seasoning.,4,330,Main Dish,,GRILL,,Fish Dishes (General),143.19,3.41,0.63,4.19,1.71,0,2.31,23.55,241.19,606.91,0.06,0.0004,0.03,0.93,0.54,44.44,B,0,0,0,0,1,0,0,0,0,0,0,0,0,0,Fish
BRDE-GFWCS-169,Grilled Fish With Cashew Sauce,Brito de Oliveira Porfirio,Fish & Seafood,Grilled fish fillet served with creamy cashew sauce and light seasoning.,4,340,Main Dish,,GRILL,,Grilled Fish,173.41,7.55,1.23,0.33,0.03,0,0,20.85,433.75,109.34,0.046,0.0012,0.012,0.0013,0.43,0,B,0,0,0,0,1,0,1,0,0,1,0,0,0,0,"Fish, Milk, nuts"
BRDE-GP-058,Garlic Prawns,Brito de Oliveira Porfirio,Fish & Seafood,"King prawns sautéed with garlic, olive oil and parsley.",4,280,Side Dish,International,WARM,1120,"Shellfish Dishes (Shrimp, Mussels, Clams)",144.41,6.53,0.93,2.35,0.21,0,0.25,20.19,351.19,883.13,0.12,0.0014,0.04,0.53,0.24,10.31,B,0,1,1,0,1,0,0,0,0,0,0,0,0,0,"Cereals w/ Gluten, Crustaceans, Fish"
BRDE-GP-074,German Potatoes,Brito de Oliveira Porfirio,Rice & Grains,Pan fried potatoes with onion and parsley.,4,250,Side Dish,International,FRIED,1000,Potatoes,154.21,3.41,2.23,26.44,1.41,0,2.45,2.51,245.91,620.19,0.01,0,0.02,0.65,0.73,80,C,0,0,0,0,0,0,0,0,0,0,0,0,0,0,NONE
BRDE-GPFWMAPS-155,Grilled Pork Fillet With Mushrooms And Pepper Sauce,Brito de Oliveira Porfirio,Meat,Grilled pork tenderloin served with sautéed mushrooms and creamy pepper sauce.,4,350,Main Dish,,SAUTÉ,,Grilled Pork,243.41,14.19,6.35,4.21,1.19,0,0.51,26.39,434.79,109.35,0.073,0.0014,0.012,0.0017,0.043,12.5,B,1,0,0,0,0,0,0,0,0,0,0,0,0,0,Celery
BRDE-GPLWSSS-119,Grilled Pork Loin With Sweet Soya Sauce,Brito de Oliveira Porfirio,Meat,Grilled pork loin served with sweet soy-based sauce.,4,320,Main Dish,,GRILL,,Grilled Pork,245.41,12.19,4.23,4.35,2.19,1.19,0.35,29.41,541.19,137.19,0.081,0.0004,0.021,0.0019,0.43,5.19,B,0,0,0,0,0,0,0,0,0,0,0,0,1,0,Soy
BRDE-GPS-079,Green Peas Soup,Brito de Oliveira Porfirio,Soup,Creamy soup made from green peas and vegetable stock.,4,250,Soup Of Day,International,WARM,1000,"Hearty Soups & Creams (Minestrone, Pumpkin Soup)",83.19,2.31,1.44,12.19,4.55,0,4.33,3.95,104.71,262.68,0.01,0,0.03,0.93,0.24,80,B,1,0,0,0,0,0,0,0,0,0,0,0,0,0,Celery
BRDE-GPS-105,Garlic Pork Steak,Brito de Oliveira Porfirio,Meat,Grilled pork steak with garlic seasoning.,4,330,Main Dish,International,GRILL,1320,Grilled Pork,216.41,12.19,3.51,0.26,0.01,0,0.01,26.55,444.11,112.03,0.073,0.0014,0.007,0.012,0.36,0,B,0,0,0,0,0,0,0,0,0,0,0,0,0,0,NONE
BRDE-GV-091,Grill Vegetables,Brito de Oliveira Porfirio,Vegetables,Mixed vegetables grilled with olive oil and herbs.,4,220,Side Dish,International,GRILL,880,Vegetable Stir-Fry,37.44,0.93,0.13,6.35,3.99,0,1.83,1.45,12.71,12.71,0,0,0.032,0.43,0.31,100,A,0,0,0,1,0,0,0,0,0,0,0,0,0,0,Egg
BRDE-H-107,Hamburger,Brito de Oliveira Porfirio,Burger,Grilled beef burger served in a bun with basic toppings.,4,300,Main Dish,International,GRILL,\1200,Street Food,243.19,12.31,4.23,24.19,4.53,2.11,2.35,16.49,351.19,88.41,0.35,0.01,0.17,2.31,0.43,23.19,C,0,0,0,0,0,0,0,0,0,0,0,1,0,0,Sesame
BRDE-IS-152,Italian Sausages,Brito de Oliveira Porfirio,Meat,Grilled Italian sausages served with herbs and light seasoning.,4,300,Side Dish,,GRILL,,Street Food,314.29,26.43,9.29,4.29,0.57,0,0.29,20.71,550,137.5,0.057,0.005,0.021,1.43,0.357,2.14,C,0,0,0,0,0,0,0,0,0,0,0,0,0,0,NONE
BRDE-LC-050,Lamb Curry,Brito de Oliveira Porfirio,Meat,Slow-cooked lamb curry with aromatic spices and rich sauce.,4,340,Main Dish,International,STEWED,1360,Lamb Stew,243.12,17.41,12.19,8.23,2.51,0,1.21,20.15,351.19,883.79,0.065,0.0012,0.021,0.0025,0.351,0.23,B,0,0,0,0,0,0,1,0,0,0,0,0,0,0,Milk
BRDE-LKK-049,Lamb Kofta Kebab,Brito de Oliveira Porfirio,Meat,Middle Eastern spiced minced lamb skewers grilled until juicy.,4,320,Main Dish,International,GRILL,1280,Skewers,243.11,17.41,6.23,0.41,0.04,0,0.11,23.19,351.19,89.01,0.068,0.0003,0.011,0.0025,0.033,0.03,C,0,0,0,0,0,0,0,0,0,0,0,0,0,0,NONE
BRDE-MF-055,Mediterranean Fish,Brito de Oliveira Porfirio,Fish & Seafood,"Baked fish with tomatoes, olives and Mediterranean herbs.",4,330,Main Dish,International,FRIED,1320,Baked Fish Fillet,174.41,6.53,1.21,0.43,0.12,0,0.12,20.55,241.19,606.91,0.05,0,0.02,0.65,0.43,15.19,B,0,0,0,0,1,0,0,0,0,0,0,0,0,0,Fish
BRDE-MLWTS-148,Meat Loaf With Tomato Sauce,Brito de Oliveira Porfirio,Meat,Baked ground beef meat loaf served with tomato sauce.,4,340,Main Dish,,BAKE,,"Stewed Beef (Goulash, Beef Bourguignon)",243.41,14.29,5.23,12.19,4.35,2.51,1.21,20.55,434.12,109.28,0.56,0.01,0.17,2.35,0.63,14.29,C,0,1,0,1,0,0,0,0,0,0,0,0,0,0,"Cereals w/ Gluten, Egg"
BRDE-MP-074,Mash Potatoes,Brito de Oliveira Porfirio,Rice & Grains,Smooth mashed potatoes with butter and milk.,4,250,Side Dish,International,WARM,1000,Potatoes,86.59,2.42,1.53,16.53,0.71,0,1.83,1.71,11.11,11.11,0.01,0,0.01,0.45,0.52,0,C,0,0,0,0,0,0,1,0,0,0,0,0,0,0,Milk
BRDE-MS-079,Minestrone Soup,Brito de Oliveira Porfirio,Soup,Italian vegetable soup with pasta and beans.,4,260,Soup Of Day,International,WARM,1040,"Hearty Soups & Creams (Minestrone, Pumpkin Soup)",83.19,0.64,0.11,16.41,4.23,0,2.55,2.93,24.51,6.13,0,0,0.04,0.93,0.36,80,B,0,0,0,0,0,0,0,0,0,0,0,0,0,0,NONE
BRDE-OB-027,Oyster Beef,Brito de Oliveira Porfirio,Meat,Stir-fried beef in savory oyster sauce.,4,320,Main Dish,International,WARM,1280,Stir-Fry Beef,173.41,7.31,1.51,6.19,1.41,0.35,1.69,23.19,541.19,137.25,0.051,0.0012,0.021,0.0025,0.351,23.45,B,0,0,0,0,1,0,0,0,0,0,0,0,1,0,"Fish, Soy"
BRDE-OS-079,Oxtail Soup,Brito de Oliveira Porfirio,Soup,Rich soup made with slow simmered beef oxtail and vegetables.,4,300,Soup Of Day,International,WARM,1200,"Hearty Soups & Creams (Minestrone, Pumpkin Soup)",143.21,8.45,2.53,6.21,1.35,0,0.85,10.31,351.19,883.79,0.034,0.0012,0.023,0.0023,0.235,23.11,B,1,0,0,0,0,0,0,0,0,0,0,0,0,0,Celery
BRDE-OS-106,Oriental Spaghetti,Brito de Oliveira Porfirio,Pasta,Spaghetti stir fried with vegetables and soy-based sauce.,4,320,Side Dish,International,FRIED,1280,Stir-Fried Noodles (Asian Style),184.21,4.23,0.63,30.41,2.51,0,2.31,4.39,351.19,88.35,0,0,0.02,0.73,0.24,23.45,B,0,0,0,0,0,0,0,0,0,0,0,0,1,0,Soy
BRDE-OTIWS-156,Ox Tongue In White Sauce,Brito de Oliveira Porfirio,Meat,Tender ox tongue served with creamy white sauce.,4,340,Side Dish,,BOIL,,"Stewed Beef (Goulash, Beef Bourguignon)",245.12,17.35,10.92,6.21,3.45,0,0.85,20.15,351.19,88.29,0.065,0.0012,0.022,0.0025,0.35,15.67,B,1,0,0,0,0,0,1,0,0,0,0,0,0,0,"Celery, Milk"
BRDE-PA-062,Pasta Arrabbiata,Brito de Oliveira Porfirio,Pasta,Penne pasta with spicy tomato sauce and chili.,4,300,Side Dish,International,WARM,1200,"Italian Pasta (Spaghetti, Lasagna, Tagliatelle)",173.41,4.23,0.63,28.15,4.35,0,2.41,4.39,251.19,630.48,0,0,0.02,0.85,0.36,20,B,0,0,0,0,0,0,0,0,0,0,0,0,0,0,NONE
BRDE-PA-066,Pasta Arrabbiata,Brito de Oliveira Porfirio,Pasta,Penne pasta with spicy tomato sauce and chili.,4,300,Side Dish,International,WARM,1200,"Italian Pasta (Spaghetti, Lasagna, Tagliatelle)",173.41,4.23,0.63,28.15,4.35,0,2.41,4.51,251.19,633.98,0,0,0.02,0.85,0.36,20,B,0,0,0,0,0,0,0,0,0,0,0,0,0,0,NONE
BRDE-PA-096,Pasta Alfredo,Brito de Oliveira Porfirio,Pasta,Fettuccine pasta in creamy butter and parmesan sauce.,4,320,Side Dish,International,WARM,1280,"Italian Pasta (Spaghetti, Lasagna, Tagliatelle)",382.41,26.19,16.51,24.39,1.41,0,1.19,9.31,434.38,109.09,0.07,0.01,0.17,0.71,0.14,0,D,0,1,0,0,0,0,0,0,0,0,0,0,0,0,Cereals w/ Gluten
BRDE-PAEO-062,Pasta Aglio e Olio,Brito de Oliveira Porfirio,Pasta,"Spaghetti with garlic, olive oil and chili flakes.",4,300,Side Dish,International,WARM,1200,"Italian Pasta (Spaghetti, Lasagna, Tagliatelle)",384.21,14.11,2.03,55.67,2.31,0,2.51,9.31,3.41,8.53,0,0,0.02,0.71,0.23,10.23,B,0,0,0,0,0,0,0,0,0,0,0,0,0,0,NONE
BRDE-PAF-060,Pasta Al Forno,Brito de Oliveira Porfirio,Pasta,Oven baked penne pasta with tomato sauce and mozzarella cheese.,4,340,Side Dish,International,WARM,1360,"Italian Pasta (Spaghetti, Lasagna, Tagliatelle)",184.21,8.41,3.55,24.19,5.31,0.55,2.19,7.35,351.19,883.79,0.16,0.01,0.19,1.21,0.36,20.5,B,0,0,0,0,0,0,0,0,0,0,0,0,0,0,NONE
BRDE-PBP-109,Pork Babi Pangang,Brito de Oliveira Porfirio,Meat,Crispy roasted pork with sweet and sour sauce.,4,340,Main Dish,International,ROAST,1360,Roasted Pork,541.45,44.21,14.51,6.13,4.35,3.95,0.21,25.91,541.19,136.45,0.085,0.0002,0.021,1.35,0.43,0,D,0,0,0,0,0,0,0,0,0,0,0,0,0,0,NONE
BRDE-PCB-035,Pork Cordon Bleu,Brito de Oliveira Porfirio,Meat,"Breaded pork stuffed with ham and cheese, fried until crispy.",4,340,Main Dish,International,FRIED,1360,Stir-Fry Pork,343.21,23.19,8.35,10.33,0.55,0,0.41,24.91,541.19,1373.95,0.073,0.0012,0.021,0.009,0.351,0,D,0,1,0,0,0,0,0,0,0,0,0,0,0,0,Cereals w/ Gluten
BRDE-PCS-079,Pumpkin Cream Soup,Brito de Oliveira Porfirio,Soup,Smooth pumpkin soup finished with cream and mild seasoning.,4,250,Soup Of Day,International,WARM,1000,"Hearty Soups & Creams (Minestrone, Pumpkin Soup)",124.41,7.55,4.63,12.19,4.23,0,2.41,2.35,436.19,109.8,0.16,0.01,0.06,0.83,0.31,0.23,C,1,0,0,0,0,0,0,0,0,0,0,0,0,0,Celery
BRDE-PG-035,Pork Gyros,Brito de Oliveira Porfirio,Meat,Greek-style grilled pork served with pita and herbs.,4,320,Main Dish,International,GRILL,1280,Grilled Pork,245.12,14.51,4.23,6.21,1.35,0,0.51,23.19,351.19,883.95,0.065,0.0012,0.021,1.51,0.351,5.12,C,0,0,0,0,0,0,0,0,0,0,0,0,0,0,NONE
BRDE-PGWGS-173,Pork Gratin With Garlic Sauce,Brito de Oliveira Porfirio,Meat,Baked pork strips covered with creamy garlic sauce and cheese,4,350,Main Dish,,BAKE,,Stir-Fry Pork,343.21,24.19,10.31,6.51,1.19,0,0.41,23.19,434.79,109.35,0.065,0.0012,0.193,1.051,0.394,5.23,C,0,0,0,0,0,0,0,0,0,0,0,0,0,0,NONE
BRDE-PKM-042,PORK KETJAP MANIS,Brito de Oliveira Porfirio,Meat,Indonesian sweet soy pork cooked with garlic and spices.,4,330,Main Dish,International,FRIED,1320,Stir-Fry Pork,343.21,24.19,8.35,12.11,6.53,5.29,0.35,23.41,434.12,109.28,0.065,0.0012,0.021,1.53,0.43,0.05,C,0,0,0,0,0,0,0,0,0,0,0,0,0,0,NONE
BRDE-PM-100,Pizza Margherita,Brito de Oliveira Porfirio,Pizza,"Classic Italian pizza with tomato, mozzarella and fresh basil.",4,280,Main Dish,International,WARM,1120,Street Food,282.41,12.19,7.29,28.49,4.31,0.51,2.41,10.39,351.19,883.79,0.03,0.001,0.28,0.02,0.14,23.11,B,0,0,0,0,0,0,0,0,0,0,0,0,0,0,NONE
BRDE-PM-147,Pizza Margherita,Brito de Oliveira Porfirio,Pizza,,4,280,Main Dish,,BAKE,,Street Food,282.41,10.39,3.55,35.19,4.31,1.43,2.51,9.35,434.29,109.57,0.17,0.01,0.21,1.93,0.24,23.53,B,0,1,0,0,0,0,0,0,0,0,0,0,0,0,Cereals w/ Gluten
BRDE-PP&J-146,Pizza Pepperoni & Jalapeno,Brito de Oliveira Porfirio,Pizza,,4,280,Main Dish,,BAKE,,Street Food,344.21,17.39,6.93,34.19,5.31,1.43,2.55,12.93,543.85,136.96,0.23,0.01,0.24,2.19,0.36,14.29,C,0,1,0,0,0,0,0,0,0,0,0,0,0,0,Cereals w/ Gluten
BRDE-PP-035,Pork Pulled,Brito de Oliveira Porfirio,Meat,Slow cooked shredded pork shoulder with BBQ seasoning.,4,350,Main Dish,International,BRAISED,1400,Roasted Pork,343.21,24.19,8.51,6.31,4.21,3.91,0.51,23.19,451.19,114.29,0.071,0.0012,0.021,1.51,0.381,5.19,C,0,0,0,0,0,0,0,0,0,0,0,0,1,0,Soy
BRDE-PP-067,Pesto Pasta,Brito de Oliveira Porfirio,Pasta,Spaghetti with basil pesto and parmesan cheese.,4,300,Side Dish,International,WARM,1200,"Italian Pasta (Spaghetti, Lasagna, Tagliatelle)",384.21,20.55,3.93,44.19,2.51,0,2.41,12.31,433.19,109.29,0.13,0.01,0.22,1.53,0.24,10,B,0,0,0,0,0,0,0,0,0,0,0,0,0,0,NONE
BRDE-PS-035,Pork Shawarma,Brito de Oliveira Porfirio,Meat,Middle Eastern style marinated pork roasted with spices.,4,330,Main Dish,International,ROAST,1320,Roasted Pork,243.41,14.29,4.23,6.19,1.41,0,0.51,23.19,351.19,883.95,0.065,0.0012,0.021,1.31,0.43,5.12,C,0,0,0,0,0,0,0,0,0,0,0,0,0,0,NONE
BRDE-PS-041,Pork Steak,Brito de Oliveira Porfirio,Meat,Grilled pork steak seasoned with salt and pepper.,4,320,Main Dish,International,GRILL,1280,Grilled Pork,216.67,12.5,4.17,0,0,0,0,23.33,250,250,0.08,0.004,0.005,0.93,0.36,0,B,0,0,0,0,0,0,0,0,0,0,0,0,0,0,NONE
BRDE-PS-042,Pork Satay,Brito de Oliveira Porfirio,Meat,Grilled pork skewers served with peanut sauce.,4,320,Main Dish,International,GRILL,1280,Skewers,245.12,17.35,6.23,4.21,1.19,0.45,0.51,23.19,351.19,89.12,0.065,0.0012,0.021,1.23,0.43,12.5,B,0,0,0,0,0,0,0,0,0,0,1,0,0,0,Peanut
BRDE-PS-100,Pizza Salami,Brito de Oliveira Porfirio,Pizza,"Pizza with tomato sauce, mozzarella and sliced salami.",4,300,Main Dish,International,WARM,1200,Street Food,344.21,18.19,7.31,30.55,4.21,1.19,2.35,14.19,541.9,136,0.031,0.0012,0.283,1.53,0.235,23.11,C,0,0,0,0,0,0,0,0,0,0,0,0,0,0,NONE
BRDE-PSR-042,Pork Spare Ribs,Brito de Oliveira Porfirio,Meat,Slow roasted pork ribs glazed with BBQ sauce,4,360,Main Dish,International,ROAST,1440,Roasted Pork,344.21,26.45,9.13,6.23,4.21,3.45,0.35,23.19,541.19,137.35,0.075,0.0012,0.023,1.21,0.43,0.05,C,0,0,0,0,0,0,0,0,0,0,0,0,1,0,Soy
BRDE-PSWM-126,Pork Steak With Mushrooms,Brito de Oliveira Porfirio,Meat,Grilled pork loin steak served with sautéed mushrooms and garlic.,4,330,Main Dish,,GRILL,,Grilled Pork,243.41,14.29,4.23,0.83,0.23,0,0.25,29.41,433.33,109.33,0.074,0.0012,0.012,1.53,442.86,5.17,B,0,0,0,0,0,0,0,0,0,0,0,0,0,0,NONE
BRDE-PSWMS-178,Pork Schnitzel With Mushroom Sauce,Brito de Oliveira Porfirio,Meat,Breaded pork loin cutlets fried until golden and served with creamy mushroom sauce.,4,350,Main Dish,,FRIED,,Breaded Pork,344.21,23.19,8.51,14.29,2.35,0.35,1.41,25.61,541.19,135.85,0.073,0.0003,0.021,0.0021,0.351,14.29,C,1,1,0,1,0,0,0,0,0,0,0,0,0,0,"Celery, Cereals w/ Gluten, Egg"
BRDE-PSWSAC-139,Pork Stuffed With Spinach And Cheese,Brito de Oliveira Porfirio,Meat,Pork loin stuffed with spinach and melted cheese.,4,340,Main Dish,,BAKE,,Breaded Pork,243.19,14.41,6.35,0.41,0.04,0,0.11,23.19,433.75,109.34,0.065,0.0012,0.017,0.0018,0.043,5.26,C,0,0,0,0,0,0,0,0,0,0,0,0,0,0,NONE
BRDE-PV-100,Pizza Vegetables,Brito de Oliveira Porfirio,Pizza,Pizza topped with mixed vegetables and cheese.,4,300,Main Dish,International,WARM,1200,Street Food,244.41,9.45,3.55,28.29,5.39,1.19,2.55,7.35,351.19,883.79,0.12,0.001,0.18,1.21,0.35,34.12,B,0,0,0,0,0,0,0,0,0,0,0,0,0,0,NONE
BRDE-PWSAS-157,Pasta With Spinach And Salmon,Brito de Oliveira Porfirio,Pasta,"Pasta with salmon, spinach, garlic and creamy sauce.",4,340,Main Dish,,BOIL,,"Stewed Beef (Goulash, Beef Bourguignon)",243.41,12.19,6.35,20.51,2.31,0,2.55,20.39,351.19,88,0.43,0.0012,0.17,1.81,0.43,23.53,B,0,0,0,0,1,0,0,0,0,0,0,0,0,0,Fish
BRDE-RCD-134,Roast Chicken Drums,Brito de Oliveira Porfirio,Meat,Oven-roasted chicken drumsticks,4,330,Main Dish,International,ROAST,,Roasted Chicken,165.38,8.41,2.23,0,0,0,0,24.19,433.33,109.33,0.065,0.005,0.012,0.93,0.24,0,B,0,0,0,0,0,0,0,0,0,0,0,0,0,0,NONE
BRDE-RCL-161,Roast Chicken Legs,Brito de Oliveira Porfirio,Meat,Oven-roasted chicken legs seasoned with herbs.,4,340,Main Dish,,ROAST,,Roasted Chicken,216.67,12.35,3.45,0.35,0,0,0,24.85,433.33,109.33,0.065,0.005,0.015,0.85,0.235,0,B,0,0,0,0,0,0,0,0,0,0,0,0,0,0,NONE
BRDE-RCW-012,Roast Chicken Wings,Brito de Oliveira Porfirio,Meat,Crispy roasted chicken wings seasoned with spices.,4,300,Main Dish,International,ROAST,1200,Grilled Chicken,243.85,14.29,3.93,0,0,0,0,24.38,433.33,109.33,0.065,0.0015,0.015,0.93,0.225,0,B,0,0,0,0,0,0,0,0,0,0,0,0,0,0,NONE
BRDE-RD-019,Roast Duck,Brito de Oliveira Porfirio,Meat,Crispy roasted duck with aromatic spices.,4,340,Main Dish,International,ROAST,1360,Grill Duck,274.41,20.55,5.51,0.07,0.02,0,0,23.41,433.75,109.36,0.074,0.0003,0.011,0.0018,0.23,0,B,0,0,0,0,0,0,0,0,0,0,0,0,0,0,NONE
BRDE-RDIOS-108,Roast Duck in Orange Sauce,Brito de Oliveira Porfirio,Meat,Roasted duck served with sweet orange sauce.,4,350,Main Dish,International,ROAST,1400,Grill Duck,243.11,14.29,4.21,6.39,4.21,1.49,0.29,23.19,351.43,88.57,0.08,0.0003,0.011,0.93,0.24,5.71,B,0,0,0,0,0,0,0,0,0,0,0,0,0,0,NONE
BRDE-RG-073,Rice Goreng,Brito de Oliveira Porfirio,Rice & Grains,Indonesian fried rice with vegetables and soy sauce.,4,320,Side Dish,International,FRIED,1280,"Rice Stir-Fry (Fried Rice, Nasi Goreng)",173.41,3.47,0.53,28.15,1.41,0,1.41,3.55,351.19,88.38,0,0,0.03,0.63,0.73,23.53,C,0,0,0,0,0,0,0,0,0,0,0,0,1,0,Soy
BRDE-RLL-042,Roast Lamb Leg,Brito de Oliveira Porfirio,Meat,Herb-marinated lamb leg roasted until tender and flavorful.,4,350,Main Dish,International,ROAST,1400,Roast Lamb,245.12,17.35,6.23,0.35,0.02,0,0.05,24.19,420.91,1054.77,0.08,0.0012,0.014,0.0025,0.035,0,B,0,0,0,0,0,0,0,0,0,0,0,0,0,0,NONE
BRDE-RNWV-129,Rice Noodles With Vegetables,Brito de Oliveira Porfirio,Vegetables,Rice noodles stir fried with vegetables.,4,320,Main Dish,,STIR FRY,,Stir-Fried Noodles (Asian Style),154.41,2.53,0.35,28.29,4.23,0,2.41,3.35,351.19,88.38,0,0,0.03,0.73,0.24,63.16,B,0,0,0,0,0,0,0,0,0,0,0,0,1,0,Soy
BRDE-RP-099,Roast Potatoes,Brito de Oliveira Porfirio,Pasta,Crispy roasted potatoes with herbs.,4,250,Side Dish,International,ROAST,1000,Potatoes,118.19,2.51,0.37,24.19,1.19,0,2.39,2.39,13.19,33.19,0,0,0.012,0.65,0.52,0.95,B,0,0,0,0,0,0,0,0,0,0,0,0,0,0,NONE
BRDE-RP-122,Roast Piglet,Brito de Oliveira Porfirio,Meat,Whole young piglet roasted until tender with crispy skin,4,360,Main Dish,,ROAST,,Roasted Pork,343.21,24.59,8.19,0,0,0,0,23.19,420,1056,0.065,0.0012,0.011,0.0018,0.035,0,C,0,0,0,0,0,0,0,0,0,0,0,0,0,0,NONE
BRDE-RPL-035,Roast Pork Loin,Brito de Oliveira Porfirio,Meat,Oven-roasted pork loin seasoned with herbs and garlic.,4,350,Main Dish,International,ROAST,1400,Roasted Pork,243.45,11.23,3.51,0.35,0.12,0,0.12,29.41,434.12,109.28,0.085,0.0012,0.023,1.53,0.54,2.14,B,0,0,0,0,0,0,0,0,0,0,0,0,0,0,NONE
BRDE-RPN-132,Roast Pork Neck,Brito de Oliveira Porfirio,Meat,Slow-roasted pork neck seasoned with herbs.,4,340,Main Dish,,ROAST,,Roasted Pork,343.21,24.59,8.41,0.41,0.04,0,0.13,25.19,434.78,109.69,0.073,0.0003,0.015,0.002,0.394,0,C,0,0,0,0,0,0,0,0,0,0,0,0,0,0,NONE
BRDE-RR-019,Roast Rabbit,Brito de Oliveira Porfirio,Meat,Herb-marinated rabbit roasted until tender.,4,330,Main Dish,International,ROAST,1320,Roasted Chicken,194.41,8.31,2.11,0.41,0.04,0,0.11,26.19,433.33,109.33,0.074,0.0012,0.021,2.31,0.35,5.31,B,0,0,0,0,0,0,0,0,0,0,0,0,0,0,NONE
BRDE-RS-057,Roast Salmon,Brito de Oliveira Porfirio,Fish & Seafood,"Oven roasted salmon fillet seasoned with dill, lemon and olive oil.",4,320,Main Dish,International,ROAST,1280,Fish Dishes (General),208.29,12.37,2.14,0,0,0,0,20.57,63.11,158.75,0.057,0.00064,0.012,0.0013,0.36,0,A,0,0,0,0,1,0,0,0,0,0,0,0,0,0,Fish
BRDE-RT-012,Roast Turkey,Brito de Oliveira Porfirio,Meat,Oven-roasted turkey seasoned with herbs and spices.,4,350,Main Dish,International,ROAST,1400,Grill Duck,165.38,3.59,1.02,0,0,0,0,30.46,240,600,0.075,0.005,0.015,0.85,0.35,0,B,0,0,0,0,0,0,0,0,0,0,0,0,0,0,NONE
BRDE-RV-079,Roast Vegetables,Brito de Oliveira Porfirio,Vegetables,Mixed vegetables roasted with olive oil and herbs until tender.,4,220,Side Dish,International,ROAST,880,Roasted Vegetables,46.19,0.73,0.11,9.41,4.83,0,2.33,1.45,104.55,262.88,0,0,0.03,0.63,0.42,100,A,0,0,0,0,0,0,0,0,0,0,0,0,0,0,NONE
BRDE-RW-118,Roast Wedges,Brito de Oliveira Porfirio,Potatoes,Oven-roasted potato wedges,4,250,Side Dish,,ROAST,,"Hearty Soups & Creams (Minestrone, Pumpkin Soup)",134.41,3.33,0.47,24.19,1.19,0,2.44,2.44,245.19,620.48,0,0,0.012,0.73,0.59,0,C,0,0,0,0,0,0,0,0,0,0,0,0,0,0,NONE
BRDE-RWV-094,Rice with Vegetables,Brito de Oliveira Porfirio,Rice & Grains,Mixed vegetables grilled with olive oil and herbs.,4,250,Side Dish,International,WARM,1000,Rice,154.21,2.33,0.36,28.15,2.21,0,2.51,3.44,1.41,0.35,0,0,0.02,0.73,0.24,43.21,B,0,0,0,0,0,0,0,0,0,0,0,0,0,0,NONE
BRDE-SCS-115,Spinach Cream Sauce,Brito de Oliveira Porfirio,Sauce,Creamy spinach sauce with garlic and parmesan.,4,80,Side Dish,,SAUTÉ,320,Vegetarian Dish,233.19,20.31,13.19,6.41,2.35,0,2.19,6.29,434.69,109.37,0.06,0.001,0.16,0.73,0.31,20,C,0,0,0,0,0,0,0,0,0,0,0,0,0,0,NONE
BRDE-SE-172,Spinach Enchiladas,Brito de Oliveira Porfirio,Wraps & Sandwiches,"Wheat tortillas filled with spinach and cheese, covered with tomato sauce and baked until golden.",4,330,Side Dish,,BAKE,,Wraps-Tortillas,243.41,12.19,7.31,24.39,4.23,0.51,3.45,10.35,434.59,109.39,0.03,0.001,0.23,2.19,0.35,34.21,B,0,0,0,0,0,0,0,0,0,0,0,0,0,0,NONE
BRDE-SF-096,Steam Fish,Brito de Oliveira Porfirio,Fish & Seafood,Steamed fish  fillet with ginger and light soy sauce.,4,300,Main Dish,International,STEAM,1200,Fish Dishes (General),112.41,0.77,0.14,0.04,0,0,0,23.45,433.33,109.33,0.059,0.0003,0.012,0.0013,0.394,0,B,0,0,0,0,1,0,0,0,0,0,0,0,1,0,"Fish, Soy"
BRDE-SFB-027,Stir Fried Beef,Brito de Oliveira Porfirio,Meat,Thinly sliced beef stir-fried quickly with vegetables and soy sauce.,4,320,Main Dish,Arabic,FRIED,1280,Stir-Fry Beef,173.41,8.31,1.83,4.39,2.21,0.25,1.35,23.19,351.19,883.79,0.06,0,0.02,0.02,0.35,23.55,B,0,0,0,0,0,0,0,0,0,0,0,0,1,0,Soy
BRDE-SFBWV-177,Stir Fried Beef With Vegetables,Brito de Oliveira Porfirio,Meat,Beef strips stir-fried with mixed vegetables and soy-based sauce.,4,340,Main Dish,,STIR FRY,,Stir-Fry Beef,173.41,8.53,1.83,6.29,2.41,0,2.35,23.19,434.12,109.28,0.061,0,0.033,2.35,0.533,44.12,B,0,0,0,0,1,0,0,0,0,0,0,0,1,0,"Fish, Soy"
BRDE-SFC-114,Stir Fried Chicken,Brito de Oliveira Porfirio,Meat,Chicken strips stir fried with vegetables,4,320,Main Dish,,STIR FRY,,Stir-Fry Chicken,173.41,8.31,2.19,4.69,2.19,0,1.25,23.44,433.75,109.38,0.065,0.0012,0.015,0.93,0.43,23.08,B,0,0,0,0,0,0,0,0,0,0,0,0,1,0,Soy
BRDE-SFP-035,Stir Fried Pork,Brito de Oliveira Porfirio,Meat,Thin pork slices quickly stir fried with vegetables and soy sauce.,4,320,Main Dish,International,FRIED,1280,Stir-Fry Pork,243.15,14.21,2.51,6.35,2.19,0,1.41,23.19,351.19,88.35,0.065,0.0012,0.015,1.31,0.43,23.19,B,0,0,0,0,0,0,0,0,0,0,0,0,1,0,Soy
BRDE-SO-160,Spinach Omelette,Brito de Oliveira Porfirio,Plant-Based,"Soft omelette made with eggs, spinach and mild seasoning.",4,220,Main Dish,,FRIED,,"Egg-Based Dishes (Omelet, Frittata, Shakshuka)",154.41,9.53,2.93,2.55,1.21,0,1.21,12.19,251.19,635.48,0.23,0.0012,0.15,0.01,0.23,20.5,B,0,0,0,1,0,0,1,0,0,0,0,0,0,0,"Egg, Milk"
BRDE-SP-067,Seafood Pasta,Brito de Oliveira Porfirio,Pasta,"Linguine pasta with shrimp, mussels and garlic tomato sauce.",4,330,Main Dish,International,WARM,1320,"Italian Pasta (Spaghetti, Lasagna, Tagliatelle)",184.21,6.39,0.93,24.19,2.51,0,2.41,14.29,433.91,109.24,0.43,0.01,0.04,1.53,0.34,20,B,0,0,1,0,1,0,0,1,0,0,0,0,0,0,"Crustaceans, Fish, Molluscan Shellfish"
BRDE-SP-074,Spanish Potaoes,Brito de Oliveira Porfirio,Rice & Grains,Crispy fried potatoes served with spiced tomato sauce.,4,250,Side Dish,International,FRIED,1000,Potatoes,184.21,8.51,1.21,24.19,1.41,0.41,2.51,2.31,241.19,612.91,0,0,0.05,0.71,0.94,20,C,0,0,0,0,0,0,0,0,0,0,0,0,0,0,NONE
BRDE-SP-167,Seafood Paella,Brito de Oliveira Porfirio,Fish & Seafood,"Spanish-style rice dish cooked with seafood, vegetables, saffron and stock.",4,380,Main Dish,,STEWED,,"Shellfish Dishes (Shrimp, Mussels, Clams)",173.41,4.23,0.63,24.19,2.35,0,1.43,12.31,434.59,109.39,0.43,0,0.04,1.31,0.43,34.21,B,0,0,1,0,1,0,0,1,0,0,0,0,0,0,"Crustaceans, Fish, Molluscan Shellfish"
BRDE-SP-180,Stuffed Peppers,Brito de Oliveira Porfirio,Vegetables,"Bell peppers filled with seasoned ground beef, rice, tomato sauce and vegetables.",4,360,Side Dish,,BAKE,,Meat Stuffed Vegetables,154.41,7.31,1.93,14.19,4.35,0.45,2.93,12.25,241.19,606.95,0.29,0.01,0.03,0.01,0.35,67.39,B,0,0,0,0,0,0,0,0,0,0,0,0,0,0,NONE
BRDE-SPF-103,Sweet Potatoes Fries,Brito de Oliveira Porfirio,Pasta,Crispy fried sweet potato sticks.,4,250,Side Dish,International,DEEP FRIED,1000,French Fries,192.41,9.45,1.41,24.39,4.33,0,2.46,1.49,97.01,245.03,0,0,0.03,0.62,0.52,80,C,0,0,0,0,0,0,0,0,0,0,0,0,0,0,NONE
BRDE-SS-124,Sauerkraut Soup,Brito de Oliveira Porfirio,Soup,"Hearty sauerkraut soup with smoked sausage, potatoes and vegetables.",4,300,Soup Of Day,,STEWED,,"Hearty Soups & Creams (Minestrone, Pumpkin Soup)",83.19,2.41,0.73,12.19,2.41,0,2.35,2.94,434.69,109.37,0.16,0,0.03,0.73,0.36,0.55,B,1,0,0,0,0,0,0,0,0,0,0,0,0,0,Celery
BRDE-SV-079,Steam Vegetables,Brito de Oliveira Porfirio,Vegetables,Mixed vegetables gently steamed,4,220,Side Dish,International,STEAM,880,Steamed Vegetables,34.21,0.41,0.06,6.77,2.14,0,2.51,2.17,44.09,111.09,0,0,0.06,0.83,0.36,100,A,0,0,0,0,0,0,0,0,0,0,0,0,0,0,NONE
BRDE-SV-096,Steam Vegetables,Brito de Oliveira Porfirio,Vegetables,Mixed vegetables lightly steamed to preserve nutrients.,4,220,Side Dish,International,STEAM,880,Steamed Vegetables,34.21,0.41,0.06,6.85,2.55,0,2.51,2.21,20.45,51.13,0,0,0.04,0.73,0.31,100,A,0,0,0,0,0,0,0,0,0,0,0,0,0,0,NONE
BRDE-TC-002,Thai Chicken,Brito de Oliveira Porfirio,Meat,Coconut-based Thai curry with aromatic spices.,4,330,Main Dish,Arabic,FRIED,1320,Stir-Fry Chicken,243.11,14.21,10.35,6.45,1.21,0,0.81,23.19,351.19,88.45,0.065,0.0012,0.021,0.93,0.35,12.5,B,0,0,0,0,1,0,1,0,0,0,0,0,0,0,"Fish, Milk"
BRDE-TP-140,Tomato Pasta,Brito de Oliveira Porfirio,Pasta,Simple pasta served with tomato sauce.,4,300,Side Dish,,BOIL,,"Italian Pasta (Spaghetti, Lasagna, Tagliatelle)",156.19,3.41,0.54,28.15,4.35,0,2.41,4.31,251.19,633.79,0,0,0.02,0.81,0.36,20,B,0,0,0,0,0,0,0,0,0,0,0,0,0,0,NONE
BRDE-TS-058,Tomato Spaghetti,Brito de Oliveira Porfirio,Pasta,"Classic spaghetti served with tomato sauce, garlic and basil.",4,300,Side Dish,International,WARM,1200,"Italian Pasta (Spaghetti, Lasagna, Tagliatelle)",156.19,3.41,0.53,26.19,4.39,0,2.19,4.29,251.19,632.38,0,0,0.02,0.73,0.36,20,B,0,0,0,0,0,0,0,0,0,0,0,0,0,0,NONE
BRDE-TSWGBALS-175,Turkey Steak With Garlic Butter And Lemon Sauce,Brito de Oliveira Porfirio,Meat,Grilled turkey breast steak served with garlic butter and fresh lemon sauce.,4,330,Main Dish,,GRILL,,Grilled Chicken,162.41,3.59,1.23,0.31,0.05,0,0.05,31.19,434.55,109.38,0.075,0.0012,0.012,0.93,0.33,5,B,1,0,0,0,0,0,0,0,0,0,0,0,0,0,Celery
BRDE-VL-067,Vegetarian Lasagna,Brito de Oliveira Porfirio,Vegetables,"Baked lasagna with vegetables, tomato sauce, ricotta and mozzarella cheese.",4,360,Main Dish,International,WARM,1440,"Italian Pasta (Spaghetti, Lasagna, Tagliatelle)",174.41,9.23,4.93,15.19,6.35,0.71,2.51,7.39,351.19,88.23,0.23,0.01,0.19,0.93,0.43,43.21,B,0,0,0,1,0,0,0,0,0,0,0,0,0,0,Egg
BRDE-VP-062,Vegetable Pasta,Brito de Oliveira Porfirio,Pasta,Pasta with sautéed vegetables and herbs.,4,320,Side Dish,International,WARM,1280,"Italian Pasta (Spaghetti, Lasagna, Tagliatelle)",154.41,3.41,0.51,26.19,4.31,0,2.61,4.39,2.51,0.63,0,0,0.02,0.81,0.43,43.21,B,0,0,0,0,0,0,0,0,0,0,0,0,0,0,NONE
BRDE-WR-092,White Rice,Brito de Oliveira Porfirio,Rice & Grains,Steamed plain white rice,4,200,Side Dish,International,STEAM,800,Rice,130,0.2,0,28.5,0.1,0,0.2,2.7,1.2,3,0,0,0.001,0.2,0.1,0,C,0,0,0,0,0,0,0,0,0,0,0,0,0,0,NONE
KUJE-BC-021,Brownie Cake,Kulisauskiene Jelena ,Sauce,,10,100,Cake,,BAKE,,"Desserts & Pastries (Cakes, Pies, Puddings)",384.21,20.51,12.35,43.19,26.41,26.41,2.35,4.92,104.21,261.05,0.13,0.01,0.02,0.51,0.21,0,D,0,0,0,1,0,0,0,0,0,0,0,0,0,0,Egg
KUJE-BDIAG-010,Banoffee Dessert In A Glass,Kulisauskiene Jelena ,Sauce,,4,150,Dessert,,RAW,,"Desserts & Pastries (Cakes, Pies, Puddings)",384.21,23.19,14.35,43.11,26.39,14.11,2.35,3.41,135.91,342.28,0.04,0.01,0.13,0.83,0.42,21.19,C,0,0,0,0,0,0,0,0,0,0,0,0,0,0,NONE
KUJE-BSWGB-003,Beef Soup With Green Beans,Kulisauskiene Jelena ,Soup,,4,250,Soup Of Day,,BOIL,,"Hearty Soups & Creams (Minestrone, Pumpkin Soup)",83.41,2.31,0.73,10.19,2.35,0,1.93,6.29,241.19,61.13,0.16,0,0.02,0.73,0.31,0.43,B,1,0,0,0,0,0,0,0,0,1,0,0,0,0,"Celery, nuts"
KUJE-CCDWCA-013,Cottage Cheese Dessert With Canned Apricots,Kulisauskiene Jelena ,Sauce,,6,200,Dessert,,RAW,,"Desserts & Pastries (Cakes, Pies, Puddings)",154.41,7.35,4.67,14.19,12.55,5,0,10.35,50,12.5,0.025,0.001,0.072,0.23,0.17,20,C,0,0,0,0,0,0,0,0,0,0,0,0,0,0,NONE
KUJE-CEWWC-009,Classic Eclairs With Wipped Cream,Kulisauskiene Jelena ,Sauce,,14,100,Cake,,BAKE,,"Desserts & Pastries (Cakes, Pies, Puddings)",384.21,23.19,14.51,43.11,25.39,20.21,1.21,6.35,210.19,529.19,0.12,0.01,0.13,0.92,0.85,10.21,C,0,0,0,1,0,0,1,0,0,1,0,0,0,0,"Egg, Milk, nuts"
KUJE-CLC-016,Caramel Lazy Cake,Kulisauskiene Jelena ,Sauce,,10,100,Cake,,RAW,,"Desserts & Pastries (Cakes, Pies, Puddings)",384.19,20.41,13.41,47.19,30.41,24.19,0.69,4.31,141.19,355.19,0.03,0.001,0.15,0.51,0.42,0,D,0,1,0,0,0,0,1,0,0,1,0,0,0,0,"Cereals w/ Gluten, Milk, nuts"
KUJE-CPCWCC-017,Chocolate Panna Cotta With Cherry Compote,Kulisauskiene Jelena ,Sauce,,4,200,Dessert,,BOIL,,"Desserts & Pastries (Cakes, Pies, Puddings)",233.19,17.41,11.23,23.19,18.41,14.29,1.41,4.23,43.75,11.04,0.051,0.0012,0.131,0.631,0.231,21.19,C,0,0,0,0,0,0,1,0,0,1,0,0,0,0,"Milk, nuts"
KUJE-CPD-007,Chocolate Pudding Dessert,Kulisauskiene Jelena ,Sauce,,4,100,Dessert,,BOIL,,"Desserts & Pastries (Cakes, Pies, Puddings)",154,4.3,2.6,26.4,18.4,18.4,2.1,3.4,50,125,0.012,0.0002,0.12,0.7,0.17,0,C,0,0,0,0,0,0,1,0,0,0,0,0,0,0,Milk
KUJE-CPSWS-001,Creamy Pea Soup With Sausages,Kulisauskiene Jelena ,Soup,,4,200,Soup Of Day,,BOIL,,"Hearty Soups & Creams (Minestrone, Pumpkin Soup)",124.15,4.23,1.31,17.19,2.55,0,2.94,6.17,341.19,86.45,0.23,0,0.15,1.21,0.44,60.21,B,1,1,0,0,0,0,0,0,0,0,0,0,0,0,"Celery, Cereals w/ Gluten"
KUJE-CSWRN-004,Chicken Soup With Rice Noodles,Kulisauskiene Jelena ,Soup,,4,250,Soup Of Day,,BOIL,,"Hearty Soups & Creams (Minestrone, Pumpkin Soup)",134.41,2.51,0.73,18.19,2.41,0,1.81,10.39,241.19,606.95,0.25,0,0.02,0.63,0.24,23.53,B,1,0,0,0,0,0,0,0,0,1,0,0,0,0,"Celery, nuts"
KUJE-FCS-005,Fresh Cabbage Soup,Kulisauskiene Jelena ,Soup,,4,250,Soup Of Day,,BOIL,,"Hearty Soups & Creams (Minestrone, Pumpkin Soup)",41.19,0.93,0.13,8.34,2.21,0,1.93,1.35,94.64,24.11,0,0,0.046,0.63,0.244,83.33,B,1,0,0,0,0,0,0,0,0,1,0,0,0,0,"Celery, nuts"
KUJE-FRC-022,Ferrero Rocher Cake,Kulisauskiene Jelena ,Sauce,,12,100,Cake,,BAKE,,"Desserts & Pastries (Cakes, Pies, Puddings)",384.21,23.19,14.35,43.59,29.41,24.17,2.35,6.39,210.91,52.73,0.93,0.01,0.19,1.31,0.56,12.15,C,0,1,0,1,0,0,1,0,0,1,0,0,0,0,"Cereals w/ Gluten, Egg, Milk, nuts"
KUJE-FS-002,Fish Soup,Kulisauskiene Jelena ,Soup,,4,250,Soup Of Day,,BOIL,,"Hearty Soups & Creams (Minestrone, Pumpkin Soup)",73.19,0.93,0.23,10.31,1.41,0,1.35,7.35,241.19,61.11,0.19,0.0012,0.015,0.34,0.31,23.45,B,1,0,0,0,1,0,0,0,0,1,0,0,0,0,"Celery, Fish, nuts"
KUJE-JWCM-012,Jelly With Canned Mandarins,Kulisauskiene Jelena ,Sauce,,4,180,Dessert,,BOIL,,"Desserts & Pastries (Cakes, Pies, Puddings)",134.41,0.19,0.02,33.59,29.41,23.41,0.31,2.11,1.41,0.35,0,0,0.02,0.24,0.17,60,C,0,0,0,0,0,0,0,0,0,0,0,0,0,0,NONE
KUJE-MS-006,Minestrone Soup,Kulisauskiene Jelena ,Soup,,4,250,Soup Of Day,,BOIL,,"Hearty Soups & Creams (Minestrone, Pumpkin Soup)",83.19,1.41,0.19,14.19,3.49,0,2.59,2.39,234.91,59.23,0,0,0.04,0.93,0.44,74.21,B,1,0,0,0,0,0,0,0,0,1,0,0,0,0,"Celery, nuts"
KUJE-MWCS-020,Mascarpone With Crushed Strawberries,Kulisauskiene Jelena ,Sauce,,6,200,Dessert,,RAW,,"Desserts & Pastries (Cakes, Pies, Puddings)",233.19,18.41,11.53,20.39,16.23,5.55,1.41,4.23,43.91,11,0.056,0.0012,0.073,0.31,0.235,24.57,C,0,1,0,0,0,0,0,0,0,1,0,0,0,0,"Cereals w/ Gluten, nuts"
KUJE-PCD-011,Pina Colada Dessert,Kulisauskiene Jelena ,Sauce,,4,200,Dessert,,BOIL,,"Desserts & Pastries (Cakes, Pies, Puddings)",233.45,18.21,15.31,23.19,18.39,5,2.11,2.51,45.61,11.4,0.03,0.001,0.13,0.31,0.54,30.12,C,0,0,0,0,0,0,1,0,0,0,0,0,0,0,Milk
KUJE-PCWFP-014,Panna Cotta Wiyh Fruit Puree,Kulisauskiene Jelena ,Sauce,,4,4,Dessert,,BOIL,,"Desserts & Pastries (Cakes, Pies, Puddings)",174.41,12.55,8.55,14.29,13.29,5,0.55,2.55,25,62.5,0.035,0.001,0.055,0.25,0.55,20,C,0,0,0,0,0,0,0,0,0,0,0,0,0,0,NONE
KUJE-RP-015,Rice Pudding,Kulisauskiene Jelena ,Sauce,,4,200,Dessert,,BOIL,,"Desserts & Pastries (Cakes, Pies, Puddings)",142.85,2.41,1.44,28.15,14.15,5,0.55,3.35,55.29,13.82,0.012,0.0012,0.12,0.27,0.45,0,C,0,0,0,0,0,0,1,0,0,0,0,0,0,0,Milk
KUJE-SPS-019,Simple Pumpkin Soup,Kulisauskiene Jelena ,Soup,,4,250,Soup Of Day,,BOIL,,"Hearty Soups & Creams (Minestrone, Pumpkin Soup)",54.41,2.23,0.83,8.44,3.55,0,1.45,1.21,241.19,61.19,0.01,0,0.03,0.53,0.24,0.8,B,1,0,0,0,0,0,0,0,0,1,0,0,0,0,"Celery, nuts"
KUJE-TS-018,Tomato Soup,Kulisauskiene Jelena ,Soup,,10,250,Soup Of Day,,BOIL,,"Hearty Soups & Creams (Minestrone, Pumpkin Soup)",54.41,1.93,1.41,9.41,5.55,0.98,1.83,1.41,234.91,59.23,0.01,0,0.02,0.63,0.35,83.19,B,1,0,0,0,0,0,0,0,0,1,0,0,0,0,"Celery, nuts"
KUJE-VPD-008,Vanilla Pudding Dessert,Kulisauskiene Jelena ,Sauce,,4,100,Dessert,,BOIL,,"Desserts & Pastries (Cakes, Pies, Puddings)",152.45,3.45,2.35,28.35,18.45,18.45,0.35,3.25,45.15,11.35,0.1,0.05,0.12,0.25,0.45,0,C,0,0,0,0,0,0,1,0,0,0,0,0,0,0,Milk
LATE-BB-028,Beef Burger,Stone Marijana,Meat,beef burguer with bun,50,200,Main Dish,International,GRILL,9000,Street Food,243.11,14.29,4.55,20.41,4.21,1.35,1.83,15.61,351.19,88.43,0.35,0.01,0.12,2.33,0.43,23.11,C,0,0,0,1,0,0,0,0,0,0,0,1,0,0,"Egg, Sesame"
LATE-BCWH-168,Baked Cod with Herbs,Lance Test,Fish & Seafood,Tender cod infused with fragrant herbs and citrus.,2,200,Main Dish,International,ROAST,400,Fish Dishes (General),143.21,3.51,0.63,0.31,0.05,0,0.05,26.39,241.19,606.91,0.065,0.0003,0.015,0.003,0.431,5.12,B,0,0,0,0,0,0,0,0,0,0,0,0,0,0,NONE
LATE-BS-030,Beef Sandwich,Lance Test,Wraps & Sandwiches,"Sandwich filled with sliced beef, fresh vegetables and sauce.",4,300,Main Dish,,GRILL,,Wraps-Tortillas,343.21,17.41,4.23,25.19,4.11,2.35,2.51,23.19,541.19,137.19,0.061,0.0012,0.032,0.0029,0.43,23.15,B,0,1,0,0,0,0,0,0,1,0,0,0,0,0,"Cereals w/ Gluten, Mustard"
LATE-BWM&O-037,Beef With Mushrooms & Onion,Lance Test,Meat,Tender beef strips cooked with mushrooms and onions in a savoury sauce.,4,340,Main Dish,,SAUTÉ,,"Stewed Beef (Goulash, Beef Bourguignon)",233.19,14.11,4.23,6.35,1.41,0,1.19,23.45,434.78,109.69,0.06,0,0.02,0.02,0.35,24.71,B,1,0,0,0,0,0,0,0,0,0,0,0,0,0,Celery
LATE-BWV-034,Bulgur With Vegetables,Lance Test,Vegetables,Bulgur wheat cooked with mixed vegetables and herbs.,4,250,Main Dish,,SAUTÉ,,Vegetarian Dish,154.41,2.53,0.37,28.29,4.41,0,4.21,3.51,351.19,88.23,0,0,0.03,0.85,0.42,75.41,B,1,0,0,0,0,0,0,0,0,0,0,0,0,0,Celery
LATE-CCB-001,Chicken Cordon Bleu w/ bechamel,Lance Test,Meat,breaded chicken fillet w/ cheese and ham,1,150,Main Dish,Mediterranean,FRIED,6000,Street Food,243.11,14.21,7.35,10.53,1.21,0.21,0.81,20.19,351.19,883.79,0.061,0.0012,0.141,1.051,0.351,5.21,C,1,0,0,0,0,0,1,0,1,0,0,0,0,0,"Celery, Milk, Mustard"
LATE-CCWV-014,Chicken Curry with Vegetables,Stone Marijana,Meat,Creamy chiken curry spices,50,180,Main Dish,Mediterranean,STEWED,15000,"Stewed Poultry (Coq Au Vin, Chicken Curry)",154.21,8.12,2.31,6.51,2.19,0,1.92,20.15,241.19,606.91,0.051,0.0012,0.021,0.0085,0.235,45.21,B,0,0,0,0,0,0,0,0,0,0,0,0,0,0,NONE
LATE-CK-028,Chicken Kebab,Lance Test,Meat,Marinated chicken thigh skewers grilled until tender and lightly charred.,4,300,Main Dish,,GRILL,,Grilled Chicken,173.41,8.23,1.93,4.38,2.21,0,1.23,24.19,433.33,109.33,0.065,0.0012,0.015,0.93,0.33,23.08,B,0,0,0,0,0,0,0,0,0,0,0,0,0,0,NONE
LATE-CN-007,Chicken nuggets,Lance Test,Meat,chicken fillet nuggets,50,150,Main Dish,Mediterranean,DEEP FRIED,7000,Street Food,243.85,13.41,2.35,14.19,0.61,0,1.35,18.29,351.19,883.79,0.06,0.01,0.04,0.93,0.33,0,C,0,0,0,1,0,0,0,0,0,0,0,0,0,0,Egg
LATE-CT-010,Chicken Teriyaki,Lance Test,Meat,,50,150,Main Dish,Mediterranean,BRAISED,13000,"Stewed Poultry (Coq Au Vin, Chicken Curry)",194.12,8.51,1.93,6.19,3.41,1.21,0.41,23.19,351.19,88.29,0.065,0.0012,0.015,1.21,0.235,12.5,B,0,0,0,0,0,0,0,0,0,0,0,0,0,0,NONE
LATE-CVN-025,Chicken Vegetable Noodles,Lance Test,Pasta,"Carrot, Broccoli and Tomator Puree",1,100,Main Dish,Arabic,STEWED,100,"Italian Pasta (Spaghetti, Lasagna, Tagliatelle)",34.38,0.23,0.03,6.93,2.35,0,1.83,2.23,156.19,156.19,0,0,0.04,0.31,0.24,94.12,B,0,0,0,0,0,0,0,0,0,0,0,0,0,0,NONE
LATE-EN-176,Egg Noodles,Lance Test,Egg-Based,Soft egg noodles lightly coated in butter,4,160,Side Dish,International,WARM,640,Stir-Fried Noodles (Asian Style),382.41,14.29,8.16,47.19,1.92,0,2.31,12.41,351.11,89.28,0.23,0.01,0.03,0.93,0.15,0,C,0,0,0,1,0,0,0,0,0,0,0,0,0,0,Egg
LATE-FAC-166,Fish and Chips,Lance Test,Fish & Seafood,"Crispy golden fish served with perfectly fried, fluffy chips.",2,400,Main Dish,International,DEEP FRIED,800,Baked Fish Fillet,243.11,12.19,1.83,20.41,0.71,0,1.83,14.29,351.19,88.45,0.29,0.0012,0.017,0.73,0.42,23.91,C,0,0,0,0,1,0,0,0,0,0,0,0,0,0,Fish
LATE-FC-169,Fish Curry,Lance Test,Fish & Seafood,,2,2,Main Dish,Arabic,STEWED,440,Fish Dishes (General),143.19,6.41,0.93,6.29,2.19,0,1.19,17.41,241.19,606.91,0.36,0.01,0.04,0.63,0.34,23.19,B,0,0,0,0,1,0,1,0,0,1,0,0,0,0,"Fish, Milk, nuts"
LATE-FQWA-144,Four Quarter with Apples,Lance Test,Desserts,,100,100,Dessert,Mediterranean,COLD,0,"Desserts & Pastries (Cakes, Pies, Puddings)",374.15,14.29,2.86,57.14,24.29,24.29,2.57,4.29,1.43,1.07,0,0,0.01,0.86,0.93,30.48,C,0,0,0,1,0,0,0,0,0,0,0,0,0,0,Egg
LATE-FR-170,Fried Rice,Lance Test,Rice & Grains,"Classic fried rice stir-fried with vegetables, egg, and soy.",4,250,Side Dish,International,FRIED,1000,"Rice Stir-Fry (Fried Rice, Nasi Goreng)",174.41,4.23,0.73,28.15,1.21,0,1.35,4.31,351.19,89.23,0.93,0,0.03,0.73,0.94,23.41,C,0,0,0,1,0,0,0,0,0,0,0,0,1,0,"Egg, Soy"
LATE-GBGB-173,Garlic Butter Green Beans,Lance Test,Vegetables,Crisp green beans lightly sautéed in butter and garlic,4,120,Side Dish,Mediterranean,WARM,480,Beans,140,8.3,5.1,6.3,1.7,0,2.5,2.5,250,625,0,0,0.05,0.9,240,80,B,0,0,0,0,0,0,0,0,0,0,0,0,0,0,NONE
LATE-GC-036,Grilled Chicken,Lance Test,Meat,Marinated chicken pieces grilled until tender.,4,320,Main Dish,International,GRILL,,Grilled Chicken,165.38,8.41,1.93,0.17,0.01,0,0.01,24.21,433.75,109.34,0.065,0.0012,0.012,0.93,0.24,0,B,0,1,0,0,0,0,0,0,0,0,0,0,0,0,Cereals w/ Gluten
LATE-GE-033,Grilled Eggplant,Lance Test,Vegetables,"Sliced eggplant grilled with olive oil, garlic and herbs",4,220,Main Dish,,GRILL,,Vegetarian Dish,129.41,8.55,1.17,6.33,2.51,0,3.45,1.22,250.91,643.18,0,0,0.03,0.33,0.43,95.12,B,0,0,0,1,0,0,0,0,0,0,0,0,0,0,Egg
LATE-GSV-175,Grilled Seasonal Vegetables,Lance Test,Vegetables,,4,150,Side Dish,Mediterranean,GRILL,600,Roasted Vegetables,25.23,0.43,0.06,5.71,3.45,0,1.83,1.21,2.31,0.01,0,0,0.03,0.43,0.38,100,A,0,0,0,0,0,0,0,0,0,0,0,0,0,0,NONE
LATE-GSWL-165,Grilled Salmon with Lemon,Lance Test,Fish & Seafood,Smoky grilled salmon brightened with a zing of fresh lemon. ,2,180,Main Dish,International,GRILL,360,Grilled Fish,204.12,12.31,2.15,0,0,0,0,35.41,54.79,13.82,0.078,0.006,0.021,0.69,0.43,0,B,0,0,0,0,1,0,0,0,0,0,0,0,0,0,Fish
LATE-HWCFAC-005,Hamburger  with  Chicken  Fillet  and  Cheese,Lance Test,Meat,chicken burguers,2,180,Main Dish,Mediterranean,GRILL,8000,Street Food,243.12,14.51,4.23,6.21,2.15,0,0.81,23.19,351.19,88.29,0.065,0.0012,0.015,0.93,0.34,12.5,C,0,0,0,0,0,0,0,0,0,0,0,0,0,0,NONE
LATE-K-027,Kapsalon,Lance Test,Meat,Dutch fast-food dish,4,450,Main Dish,,FRIED,,Street Food,344.21,23.19,8.35,24.15,4.21,2.15,2.53,20.18,541.19,137.19,0.63,0.01,0.24,1.81,0.73,23.15,C,0,1,0,0,0,0,0,0,0,0,0,0,0,0,Cereals w/ Gluten
LATE-MCF-010,Marengo Chicken Fricassee,Lance Test,Meat,Chicken stew casserole,50,150,Main Dish,Mediterranean,STEWED,17000,"Stewed Poultry (Coq Au Vin, Chicken Curry)",154.21,7.35,1.42,10.93,2.51,0,2.19,14.51,351.19,88.15,0.33,0.01,0.03,0.93,0.43,34.21,B,0,0,0,0,0,0,0,0,0,0,0,0,0,0,NONE
LATE-MR-171,Mushroom Risotto,Lance Test,Rice & Grains,Creamy risotto slowly cooked with mushrooms,4,300,Main Dish,Mediterranean,STEWED,1200,Risotto & Creamy Rice,174.41,7.41,2.51,23.19,1.41,0,1.19,3.59,351.19,88.41,0.1,0,0.12,0.71,0.43,20,C,0,1,0,0,0,0,0,0,0,0,0,0,0,1,"Cereals w/ Gluten, Sulfites"
LATE-P-049,Paella,Lopes Alves Marcos Andre,Fish & Seafood,seafood paella,50,180,Main Dish,Mediterranean,BRAISED,12000,"Rice Stir-Fry (Fried Rice, Nasi Goreng)",174.41,7.35,1.23,14.19,2.51,0,1.83,13.45,351.19,88.43,0.43,0,0.04,0.93,0.35,0.23,B,0,0,1,0,1,0,0,1,0,0,0,0,0,0,"Crustaceans, Fish, Molluscan Shellfish"
LATE-PEP-004,Poultry  Escalope  Pizzaiola,Lance Test,Meat,chicken escalope rich tomato sauce,50,180,Main Dish,Mediterranean,BRAISED,8000,Grilled Chicken,143.21,3.41,0.93,6.19,2.35,0,1.41,23.19,351.19,89.19,0.065,0.0012,0.015,1.31,0.351,20.5,B,0,0,0,0,0,0,0,0,0,0,0,0,0,0,NONE
LATE-PFF-035,Pan Fried Fish,Lance Test,Fish & Seafood,White fish fillets lightly seasoned and pan-fried,4,300,Main Dish,International,FRIED,,Fish Dishes (General),173.92,6.43,0.93,0.23,0.04,0,0,24.55,444.67,112.42,0.06,0.01,0.02,0.63,0.43,0,B,0,0,0,0,1,0,0,0,0,0,0,0,0,0,Fish
LATE-PG-026,Pork Goulash,Lance Test,Meat,Tender pork stew cooked with vegetables.,4,350,Main Dish,,STEWED,,Stewed Pork,173.41,8.23,2.35,6.53,2.19,0,1.41,14.29,434.12,109.28,0.036,0.001,0.023,0.009,0.354,23.09,B,1,0,0,0,0,0,0,0,0,0,0,0,0,0,Celery
LATE-PK-009,Poulet  KFC,Lance Test,Meat,KFC chicken drum,50,150,Main Dish,Mediterranean,DEEP FRIED,11000,Street Food,274.41,14.19,2.41,10.39,0.51,0,0.81,20.19,351.19,88.41,0.06,0.001,0.02,0.93,0.24,5,C,0,0,0,1,0,0,1,0,0,0,0,0,0,0,"Egg, Milk"
LATE-PMITS-001,Poultry Meatballs in Tomato Sauce,Lance Test,Meat,chicken meatball in tomato sauce,50,180,Main Dish,Mediterranean,STEWED,10000,"Stewed Beef (Goulash, Beef Bourguignon)",140,6.5,1.8,10.2,5.5,0,1.5,15.6,250,625,0.035,0.0002,0.02,0.005,0.25,20,B,0,0,0,0,0,0,0,0,0,0,0,0,0,0,NONE
LATE-PNS-029,Pork Noodle Soup,Lance Test,Soup,"Asian-style soup with pork, egg noodles, vegetables and a savoury broth.",4,400,Soup Of Day,,BOIL,,"Hearty Soups & Creams (Minestrone, Pumpkin Soup)",143.21,4.35,1.42,15.61,2.31,0,1.93,10.39,434.19,109.55,0.026,0,0.032,0.93,0.235,34.21,B,1,0,0,1,0,0,0,0,0,0,0,0,1,0,"Celery, Egg, Soy"
LATE-PR-032,Pork Rolls,Lance Test,Meat,Rolled pork loin stuffed with herbs and vegetables.,4,340,Main Dish,,ROAST,,Roasted Pork,245.51,14.29,4.93,4.39,1.41,0,0.81,25.19,433.53,109.38,0.074,0.0003,0.015,1.35,0.43,14.29,B,0,0,0,0,0,0,0,0,0,0,0,0,0,0,NONE
LATE-S-031,Stamppot,Lance Test,Potatoes,Traditional Dutch mashed potato dish mixed with vegetables and served with smoked sausage.,4,400,Main Dish,,BOIL,,Potatoes,142.41,4.93,2.63,20.55,1.41,0,2.93,4.51,343.19,86.55,0.12,0,0.03,0.93,0.73,43.21,B,0,0,0,0,0,0,1,0,0,0,0,0,0,0,Milk
LATE-S-177,Spaghetti,Lance Test,Pasta,,4,150,Side Dish,Mediterranean,WARM,600,"Italian Pasta (Spaghetti, Lasagna, Tagliatelle)",158.29,2.51,0.37,31.19,0.64,0,1.85,4.31,3.28,8.32,0,0,0.02,0.56,0.12,0,B,0,0,0,0,0,0,0,0,0,0,0,0,0,0,NONE
LATE-SJR-174,Steamed Jasmine Rice,Lance Test,Rice & Grains,Fluffy steamed rice with a neutral flavour,4,180,Side Dish,Mediterranean,STEAM,720,"Rice Stir-Fry (Fried Rice, Nasi Goreng)",130,0.2,0,28.5,0.1,0,0.2,2.7,2,5,0,0,0.01,0.2,0.1,0,B,0,0,0,0,0,0,0,0,0,0,0,0,0,0,NONE
LATE-SN-039,Shrimp Noodles,Lance Test,Fish & Seafood,"Stir-fried noodles with shrimp, vegetables and Asian seasonings.",4,340,Main Dish,,STIR FRY,,Stir-Fried Noodles (Asian Style),184.41,7.31,1.23,20.19,2.55,0,2.39,14.29,441.18,110.79,0.73,0.01,0.16,2.21,0.43,34.61,B,0,0,1,1,1,0,0,0,0,0,0,0,1,0,"Crustaceans, Egg, Fish, Soy"
LATE-SR-172,Shrimp Risotto,Lance Test,Rice & Grains,A seafood-infused risotto with tender shrimp and creamy rice.,4,300,Main Dish,Mediterranean,STEWED,1200,Risotto & Creamy Rice,174.41,7.35,1.93,20.55,1.21,0,0.93,12.19,434.79,109.35,0.43,0,0.17,1.35,0.24,0.23,B,1,1,1,0,1,0,0,0,0,0,0,0,0,1,"Celery, Cereals w/ Gluten, Crustaceans, Fish, Sulfites"
LATE-TBCL-008,Texan  BBQ  Chicken  Leg,Lance Test,Meat,BBQ spiced chicken thigh,50,150,Main Dish,Mediterranean,ROAST,10000,Roasted Chicken,194.41,10.33,2.51,4.19,2.35,1.93,0.35,24.19,433.91,109.23,0.065,0.0012,0.015,0.93,0.24,0,B,0,0,0,0,0,0,0,0,0,0,0,0,1,0,Soy
LATE-TC-010,Tandoori Chicken,Lance Test,Meat,,50,150,Main Dish,International,STEWED,9000,"Stewed Poultry (Coq Au Vin, Chicken Curry)",154.41,8.45,1.93,4.24,1.11,0,0.55,20.35,241.19,61.19,0.065,0.0012,0.021,0.93,0.29,13.41,B,0,0,0,0,0,0,0,0,0,0,0,0,0,0,NONE
LATE-TT-167,Tuna Tataki,Lance Test,Fish & Seafood,Lightly seared tuna with a delicate sesame aroma.,2,120,Main Dish,International,COLD,240,Fish Dishes (General),143.19,2.41,0.35,0.41,0.04,0,0.13,28.49,251.19,633.98,0.06,0.0012,0.013,0.0013,0.043,2.31,B,0,0,0,0,0,0,0,0,0,0,0,1,1,0,"Sesame, Soy"
LATE-ZP-038,Zucchini Pancakes,Lance Test,Plant-Based,"Crispy pancakes made with grated zucchini, eggs and flour.",4,220,Side Dish,,STIR FRY,,Vegetarian Dish,154.41,6.39,1.71,14.19,2.23,0,1.83,6.29,233.64,233.64,0.94,0.0012,0.073,0.93,0.354,43.21,B,0,1,0,1,0,0,0,0,0,0,0,0,0,0,"Cereals w/ Gluten, Egg"
LOAL-B&BS-028,Beef & Barley Soup,Lopes Alves Marcos Andre,Soup,Rich and filling soup with tender beef and nutty barley in a savoury broth.,4,400,Soup Of Day,Mediterranean,WARM,1600,"Hearty Soups & Creams (Minestrone, Pumpkin Soup)",123.45,2.51,0.83,18.23,2.19,0,2.55,8.35,351.19,89.19,0.19,0,0.02,0.93,0.31,25,B,1,1,0,0,0,0,0,0,0,0,0,0,0,0,"Celery, Cereals w/ Gluten"
LOAL-B&MS-035,Barley & Mushroom Soup,Lopes Alves Marcos Andre,Soups & Broths,Hearty barley soup with earthy mushroom flavour and savoury broth.,4,400,Soup Of Day,International,WARM,1600,"Hearty Soups & Creams (Minestrone, Pumpkin Soup)",124.15,1.35,0.23,24.67,2.31,0,4.23,3.45,351.19,88.45,0,0,0.03,0.93,0.36,0,B,1,1,0,0,0,0,0,0,0,0,0,0,0,0,"Celery, Cereals w/ Gluten"
LOAL-B(SWB-031,Borscht (Beetroot Soup with Beef),Lopes Alves Marcos Andre,Soup,Traditional beetroot soup with tender beef and balanced sweet-earthy flavour.,4,400,Soup Of Day,International,WARM,1600,"Hearty Soups & Creams (Minestrone, Pumpkin Soup)",64.35,1.41,0.45,12.19,3.45,0,2.35,4.59,241.19,61.35,0.93,0,0.03,0.85,0.36,80,B,1,0,0,0,0,0,0,0,0,0,0,0,0,0,Celery
LOAL-BN-001,Chicken Noodles,Lopes Alves Marcos Andre,Pasta,Chicken Noodles stir-fry,30,200,Main Dish,International,WARM,8000,Stir-Fried Noodles (Asian Style),173.41,3.94,0.93,24.19,2.55,1.41,2.35,14.29,351.19,88.41,0.29,0.01,0.02,0.93,0.43,34.12,B,0,0,0,1,0,0,0,0,0,0,0,0,1,0,"Egg, Soy"
LOAL-BN-002,Beef Noodles,Lopes Alves Marcos Andre,Pasta,Beef Noodles stir-fry,30,200,Main Dish,International,GRILL,6000,Stir-Fried Noodles (Asian Style),154.29,2.51,0.35,26.19,4.21,1.19,3.45,6.39,351.19,88.43,0.01,0,0.03,0.85,0.54,45.12,C,0,0,0,1,0,0,0,0,0,0,0,0,1,0,"Egg, Soy"
LOAL-BR-011,Basmati Rice,Lopes Alves Marcos Andre,Rice & Grains,Steamed basmati rice,50,130,Garnish,International,STEAM,6500,"Rice Stir-Fry (Fried Rice, Nasi Goreng)",130,2.5,1.5,28,0.1,0,0.2,2.5,1.5,3.8,0,0,0.01,0.2,0.1,0,B,0,0,0,0,0,0,0,0,0,0,0,0,0,0,NONE
LOAL-BS-004,Beef stew,Lopes Alves Marcos Andre,Meat,Slowcooked beef stew ,50,200,Main Dish,International,STEWED,6000,"Stewed Beef (Goulash, Beef Bourguignon)",143.21,3.41,1.23,15.67,2.51,0.25,2.35,10.29,351.19,88.41,0.02,0.001,0.02,0.01,0.39,45.21,B,1,1,0,0,0,0,0,0,1,0,0,0,0,1,"Celery, Cereals w/ Gluten, Mustard, Sulfites"
LOAL-BS-014,Beef steak,Stone Marijana,Meat,Tenderloin Beef steak,50,200,Main Dish,International,GRILL,13000,Grilled Beef,245.12,14.51,4.23,0.41,0.21,0,0.21,26.19,351.19,89.19,0.065,0.0012,0.012,0.0025,0.041,5.12,B,0,0,0,0,0,0,0,0,0,0,0,0,0,0,NONE
LOAL-BSF-004,Baked Salmon fillet,Lopes Alves Marcos Andre,Fish & Seafood,Salmon fillet baked with lemon butter & capers,50,170,Main Dish,Mediterranean,ROAST,7000,Baked Fish Fillet,203.85,12.31,2.51,0,0,0,0,20.57,54.29,136.74,0.059,0.0006,0.012,0.0013,0.363,0,B,0,0,0,0,1,0,0,0,0,0,0,0,0,0,Fish
LOAL-C&NS-027,Chicken &  Noodle Soup,Lopes Alves Marcos Andre,Soup,Classic comforting chicken soup with tender noodles and fresh herb finish.,4,400,Soup Of Day,International,WARM,1600,"Hearty Soups & Creams (Minestrone, Pumpkin Soup)",83.19,1.41,0.36,12.19,2.31,0,1.41,6.29,341.19,86.35,0.02,0.001,0.015,0.51,0.23,23.45,B,1,0,0,1,0,0,0,0,0,0,0,0,0,0,"Celery, Egg"
LOAL-CBWV-034,Chicken Broth with Vegetables,Lopes Alves Marcos Andre,Soup,Clear and aromatic chicken broth with tender vegetables,4,400,Soup Of Day,International,WARM,1600,"Hearty Soups & Creams (Minestrone, Pumpkin Soup)",15.12,0.35,0.11,2.53,1.21,0,0.41,1.21,141.19,35.8,0.02,0,0.02,0.11,0.44,10.21,B,1,0,0,0,0,0,0,0,0,0,0,0,0,0,Celery
LOAL-CCS-036,Cauliflower Cream Soup,Lopes Alves Marcos Andre,Soup,Smooth and delicate cauliflower soup with light creamy texture.,4,400,Soup Of Day,International,WARM,1600,"Hearty Soups & Creams (Minestrone, Pumpkin Soup)",74.41,4.31,2.93,6.53,2.41,0,2.21,1.93,241.19,612.19,0.01,0,0.03,0.41,0.59,0.55,B,1,0,0,0,0,0,0,0,0,0,0,0,0,0,Celery
LOAL-CM-006,Chicken Mozarella,Lopes Alves Marcos Andre,Meat,grill chicken fillet with mozarella & tomato,50,170,Main Dish,International,GRILL,8000,Grilled Chicken,174.21,8.51,2.93,4.19,1.41,0,0.71,23.19,351.19,89.19,0.065,0.0012,0.018,0.93,0.43,14.29,B,0,0,0,0,0,0,0,0,0,0,0,0,0,0,NONE
LOAL-CT-020,Chicken Teriaky,Lopes Alves Marcos Andre,Meat,Chicken thigs teriaky sauce,50,200,Main Dish,International,GRILL,7000,"Stewed Poultry (Coq Au Vin, Chicken Curry)",173.41,8.31,1.93,6.39,3.55,2.19,1.41,20.19,351.19,89.19,0.06,0,0.02,0.93,0.43,23.19,B,0,0,0,0,0,0,0,0,0,0,0,0,1,0,Soy
LOAL-DR-017,Duck Rice,Lopes Alves Marcos Andre,Rice & Grains,slowcook duck meat in rice,50,200,Main Dish,International,BRAISED,4000,"Rice Stir-Fry (Fried Rice, Nasi Goreng)",234.15,10.23,2.51,24.19,0.71,0,1.35,14.29,351.19,88.42,0.35,0.01,0.17,1.31,0.94,15.67,B,0,0,0,0,0,0,0,0,0,0,0,0,0,0,NONE
LOAL-FS-029,Fish Soup,Lopes Alves Marcos Andre,Soup,Light and aromatic fish soup with delicate herbs and clean flavour.,4,1600,Soup Of Day,Mediterranean,WARM,1600,"Hearty Soups & Creams (Minestrone, Pumpkin Soup)",64.35,1.43,0.23,4.55,1.41,0,0.55,7.35,241.19,606.95,0.16,0.01,0.02,0.23,0.24,23.53,B,1,0,0,0,1,0,0,0,0,0,0,0,0,0,"Celery, Fish"
LOAL-LS-026,Lentil Soup,Lopes Alves Marcos Andre,Soup,Hearty and nutritious lentil soup with warm cumin aroma and balanced seasoning.,4,400,Soup Of Day,International,WARM,1600,"Hearty Soups & Creams (Minestrone, Pumpkin Soup)",128.29,2.23,0.33,20.55,2.55,0,4.29,7.39,241.19,612.19,0,0,0.03,2.19,0.53,0.23,B,1,0,0,0,0,0,0,0,0,0,0,0,0,0,Celery
LOAL-M-030,Minestrone,Lopes Alves Marcos Andre,Soup,Traditional Italian vegetable soup with beans and pasta in a savoury herb broth.,4,400,Soup Of Day,International,WARM,1600,"Hearty Soups & Creams (Minestrone, Pumpkin Soup)",83.19,1.93,0.26,14.29,3.55,0,2.51,2.31,233.75,233.75,0,0,0.04,0.73,0.36,74.21,B,1,0,0,0,0,0,0,0,0,0,0,0,0,0,Celery
LOAL-MCS-024,Mushroom Cream Soup,Lopes Alves Marcos Andre,Soup,"Rich and earthy mushroom soup with smooth, creamy texture.",4,400,Soup Of Day,Mediterranean,WARM,1600,"Hearty Soups & Creams (Minestrone, Pumpkin Soup)",74.41,4.55,2.83,6.23,1.41,0,0.81,2.31,14.29,35.71,0.01,0,0.02,0.35,0.24,20,C,0,0,0,0,0,0,0,0,0,0,0,0,0,0,NONE
LOAL-PB-014,Pork Bifanas,Lopes Alves Marcos Andre,Meat,Slowcook pork steak thin sliced in sauce,50,180,Main Dish,Mediterranean,STEWED,11000,Stewed Pork,233.41,14.21,4.53,6.45,2.19,1.35,0.85,23.19,351.19,883.79,0.065,0.0012,0.021,0.015,0.35,12.5,B,0,1,0,0,0,0,0,0,1,0,0,0,0,1,"Cereals w/ Gluten, Mustard, Sulfites"
LOAL-PC-011,Pork Casserole,Lopes Alves Marcos Andre,Meat,Pork neck stew with beans & veg,50,200,Main Dish,Mediterranean,BRAISED,9000,Stewed Pork,173.41,8.55,2.35,10.19,2.51,0.25,2.39,14.11,351.19,88.41,0.35,0.01,0.04,0.93,0.43,0.27,B,0,0,0,0,0,0,0,0,0,0,0,0,0,0,NONE
LOAL-PG-008,Potato Gratin,Lopes Alves Marcos Andre,Vegetables,Potato gratin au bechamel,50,150,Garnish,French,ROAST,8500,Potatoes,154.21,8.51,5.31,18.19,2.39,0,2.41,3.51,241.19,606.91,0.02,0.01,0.12,0.81,0.94,0.23,C,0,1,0,0,0,0,1,0,0,0,0,0,0,0,"Cereals w/ Gluten, Milk"
LOAL-PR-011,Penne Rattatuille,Lopes Alves Marcos Andre,Pasta,Penne tomato sauce and mix Veg,50,200,Side Dish,Mediterranean,STEWED,7000,"Italian Pasta (Spaghetti, Lasagna, Tagliatelle)",156.19,4.23,1.41,24.51,6.21,0,3.45,4.91,251.19,632.98,0.01,0,0.17,1.31,541.91,74.21,B,0,0,0,0,0,0,0,0,0,0,0,0,0,0,NONE
LOAL-PSWSH-025,Pea Soup with Smoked Ham,Lopes Alves Marcos Andre,Soup,Thick and hearty pea soup with smoky depth from ham and herbs.,4,400,Soup Of Day,International,WARM,1600,"Hearty Soups & Creams (Minestrone, Pumpkin Soup)",124.15,2.51,0.73,20.39,4.35,0,4.23,7.31,341.19,863.79,0.01,0,0.03,0.01,0.36,0.23,B,0,0,0,0,0,0,0,0,0,0,0,0,0,0,NONE
LOAL-RB-014,Roast beef,Lopes Alves Marcos Andre,Meat,tender roast beef striploin,50,160,Main Dish,International,ROAST,11000,Roasted Beef,214.41,11.23,3.51,0.43,0.04,0,0.12,26.15,351.19,89.21,0.065,0.0012,0.012,2.31,0.35,0,B,1,0,0,0,0,0,0,0,0,0,0,0,0,0,Celery
LOAL-S-033,Solyanka,Lopes Alves Marcos Andre,Soup,Rich and slightly sour Russian soup with mixed meats and pickle depth.,6,420,Soup Of Day,International,STEWED,2520,"Hearty Soups & Creams (Minestrone, Pumpkin Soup)",134.41,6.31,1.64,7.14,2.35,0,1.41,10.31,434.79,109.35,0.25,0.01,0.03,0.71,0.31,23.19,B,1,0,0,0,0,0,0,0,0,0,0,0,0,0,Celery
LOAL-SBS-003,Spaghetti Bolognaise sauce,Lopes Alves Marcos Andre,Pasta,Boiled spaghetti with homemade bolognaise sauce,50,300,Main Dish,Mediterranean,STEWED,10000,"Italian Pasta (Spaghetti, Lasagna, Tagliatelle)",154.21,6.43,2.11,20.55,4.21,0,2.35,8.51,351.19,88.45,0.19,0,0.17,1.53,422.91,23.11,B,1,0,0,0,0,0,0,0,0,0,0,0,0,0,Celery
LOAL-SCS-032,Sour Cabbage Soup,Lopes Alves Marcos Andre,Soup,Tangy cabbage soup with rich meat flavour and mild paprika warmth.,4,400,Soup Of Day,International,WARM,1600,"Hearty Soups & Creams (Minestrone, Pumpkin Soup)",83.19,2.41,0.83,10.31,6.19,0,2.41,5.59,341.19,863.95,0.12,0,0.04,0.65,0.24,0.23,B,1,0,0,0,0,0,0,0,0,1,0,0,0,0,"Celery, nuts"
LOAL-SFS-038,Smoked Fish Soup,Lopes Alves Marcos Andre,Soup,Creamy and aromatic soup with delicate smoky fish flavour.,4,400,Soup Of Day,International,WARM,1600,"Hearty Soups & Creams (Minestrone, Pumpkin Soup)",124.15,4.37,2.51,12.19,1.41,0,1.53,10.31,341.19,863.19,0.23,0.01,0.02,0.73,0.42,0.23,B,1,0,0,0,1,0,0,0,0,0,0,0,0,0,"Celery, Fish"
LOAL-SH-006,steamed hallibut,Lopes Alves Marcos Andre,Fish & Seafood,Steamed hallibut with grill peppers ,50,175,Side Dish,Mediterranean,STEAM,8000,Steamed Fish,143,3.5,0.7,0,0,0,0,26.3,210,530,60,0.0004,0.02,0.7,390,20,A,0,0,0,0,1,0,0,0,0,0,0,0,0,0,Fish
LOAL-SH-008,Steamed hake,Lopes Alves Marcos Andre,Fish & Seafood,Steamed hake with grill peppers ,50,175,Side Dish,Mediterranean,STEAM,8000,Steamed Fish,143,3.5,0.7,0,0,0,0,24.5,250,630,0.06,0.0004,0.02,0.005,0.4,0,B,0,0,0,0,1,0,0,0,0,0,0,0,1,0,"Fish, Soy"
LOAL-SP&BS-037,Split Pea & Bacon Soup,Lopes Alves Marcos Andre,Soups & Broths,Thick and smoky split pea soup with rich bacon flavour.,4,400,Soup Of Day,International,WARM,1600,"Hearty Soups & Creams (Minestrone, Pumpkin Soup)",124.15,2.31,0.63,20.19,4.35,0,4.55,7.35,341.19,86.25,0,0,0.04,1.41,0.54,0.23,B,1,0,0,0,0,0,0,0,0,0,0,0,0,0,Celery
LOAL-TET-008,Tuna egg tortilla,Lopes Alves Marcos Andre,Fish & Seafood,Baked tuna omellete wit veg & potato,50,175,Side Dish,Mediterranean,ROAST,3000,"Egg-Based Dishes (Omelet, Frittata, Shakshuka)",154.21,6.53,1.71,10.35,2.19,0,1.94,14.51,241.19,606.91,0.23,0.01,0.04,0.93,0.42,53.21,B,0,0,0,1,1,0,0,0,0,0,0,0,0,0,"Egg, Fish"
LOAL-TS-022,Potato & Leek Soup,Lopes Alves Marcos Andre,Soup,Classic tomato soup with natural sweetness and fresh basil aroma.,4,400,Soup Of Day,Mediterranean,WARM,1600,"Hearty Soups & Creams (Minestrone, Pumpkin Soup)",122.41,7.39,4.66,14.19,2.31,0,2.41,1.91,433.13,109.33,0.13,0,0.02,0.63,0.94,0.25,C,0,0,0,0,0,0,0,0,0,0,0,0,0,0,NONE
LOAL-TS-023,Tomato Soup,Lopes Alves Marcos Andre,Soup,Classic tomato soup with natural sweetness and fresh basil aroma.,4,400,Soup Of Day,Mediterranean,WARM,1600,"Hearty Soups & Creams (Minestrone, Pumpkin Soup)",54.41,1.88,0.26,10.31,6.41,0.79,2.21,1.25,233.75,233.75,0,0,0.02,0.63,0.43,80,B,0,0,0,0,0,0,0,0,0,0,0,0,0,0,NONE
LOAL-VC-017,Vegetarian Couscous,Lopes Alves Marcos Andre,Vegetables,Stir-fry veggies with couscous,50,150,Second Section,International,BRAISED,4000,"Italian Pasta (Spaghetti, Lasagna, Tagliatelle)",154.21,2.31,0.35,28.19,4.21,0,4.51,4.39,203.91,514.78,0,0,0.03,0.85,0.42,80.12,B,0,0,0,0,0,0,0,0,0,0,0,0,0,0,NONE
LOAL-VCS-021,Vegetable Cream Soup,Lopes Alves Marcos Andre,Soup,Smooth creamy vegetable soup with balanced seasoning.,4,400,Soup Of Day,Mediterranean,WARM,1600,"Hearty Soups & Creams (Minestrone, Pumpkin Soup)",124.15,7.31,4.53,14.19,2.35,0,2.41,2.31,341.19,863.75,0.02,0.01,0.03,0.65,0.42,0.75,B,1,0,0,0,0,0,0,0,0,0,0,0,0,0,Celery
PENA-BSPWGPPAS-006,Baked Sweet Potatoe With Gree Pea Puree And Sweet,Petrauskiene Natalija  ,Vegetables,,6,200,Extra,,BAKE,,Vegetarian Dish,142.41,4.23,1.41,25.19,4.33,0,3.85,2.51,173.55,44.14,0.01,0,0.03,0.94,475.19,80,B,0,0,0,0,0,0,0,0,0,0,0,0,0,0,NONE
PENA-FRWVAE-011,Fried Rice With Vegetable And Eggs,Petrauskiene Natalija  ,Rice & Grains,,6,200,Extra,,FRIED,,"Rice Stir-Fry (Fried Rice, Nasi Goreng)",173.41,4.23,0.73,26.19,2.31,0,1.83,4.35,351.19,89.19,0.93,0.01,0.03,0.93,0.73,34.62,B,0,0,0,1,0,0,0,0,0,0,0,0,0,0,Egg
PENA-OCWWBS-010,Oven-Baked Chicken Wings With Bbq Sauce,Petrauskiene Natalija  ,Meat,,6,300,Main Dish,,BAKE,,Roasted Chicken,243.85,14.29,3.51,6.39,2.55,2.19,0.35,23.19,433.91,109.23,0.065,0.005,0.015,0.93,0.23,5.12,C,0,0,0,0,0,0,0,0,0,0,0,1,1,0,"Sesame, Soy"
PENA-PBRWVAHC-007,Pearl Barley Risotto With Vegetables And Hard Cheese,Petrauskiene Natalija  ,Rice & Grains,,6,150,Garnish,,FRIED,,Vegetarian Dish,174.41,7.41,1.23,24.19,2.51,0,4.21,4.39,351.19,88.29,0.01,0,0.03,0.93,0.44,0.53,B,1,1,0,0,0,0,0,0,0,1,0,0,0,0,"Celery, Cereals w/ Gluten, nuts"
PENA-PPTWPCAB-003,"Puff Pastry Tar With Pears,Cottage Cheese And Brie",Petrauskiene Natalija  ,Pizza,,6,180,Cake,,BAKE,,Vegetarian Dish,321.45,18.23,10.51,30.17,10.35,0,2.15,13.41,350.19,879.98,0.31,0.01,0.17,1.21,0.24,23.56,C,0,1,0,0,0,0,0,0,0,0,0,0,0,0,Cereals w/ Gluten
PENA-SASP-009,Sweet And Sour Pork,Petrauskiene Natalija  ,Meat,,6,250,Main Dish,,STIR FRY,,Stir-Fry Pork,173.41,7.39,1.23,13.41,6.29,0.49,2.19,14.19,434.81,109.29,0.035,0.0012,0.021,0.93,0.394,34.12,B,0,0,0,0,0,0,0,0,0,1,0,0,1,0,"nuts, Soy"
PENA-SSICSS-002,Steamed Salmon In Creamy Spinach Sauce,Petrauskiene Natalija  ,Fish & Seafood,,4,200,Main Dish,,STEAM,,Fish Dishes (General),174.41,10.33,6.19,0.43,0.04,0,0.01,20.55,241.19,606.91,0.056,0.00064,0.021,0.0013,0.394,12.5,B,0,0,0,0,1,0,0,0,1,0,0,0,0,0,"Fish, Mustard"
PENA-SSWCAE-004,Spinach Soup With Chicken And Egg,Petrauskiene Natalija  ,Soup,,6,300,Soup Of Day,,BOIL,,"Hearty Soups & Creams (Minestrone, Pumpkin Soup)",83.19,1.93,0.53,10.41,1.71,0,1.83,6.39,241.19,61.35,0.13,0,0.03,0.85,0.36,75.23,B,1,0,0,1,0,0,0,0,0,1,0,0,0,0,"Celery, Egg, nuts"
PENA-VFWC-005,Vegetables Fritters With Cheese,Petrauskiene Natalija  ,Vegetables,,6,200,Extra,,FRIED,,Vegetarian Dish,154.21,8.45,2.93,12.19,4.23,0,2.51,5.31,241.19,606.98,0.093,0.0012,0.073,0.83,0.394,74.21,B,0,0,0,1,0,0,0,0,0,0,0,0,0,0,Egg
RODA-BS-001,Beef Stroganoff,Rodrigues da Rocha Pires Jose Manuel,Meat,Beff strips in a cream sauce,20,180,Main Dish,International,STEWED,20,"Stewed Beef (Goulash, Beef Bourguignon)",243.12,17.35,10.23,6.21,1.35,0,0.81,20.15,351.19,88.23,0.065,0.0012,0.021,0.0025,0.35,20.5,B,1,0,0,0,0,0,0,0,0,0,0,0,0,0,Celery
RODA-BS-002,Beef Stroganoff,Rodrigues da Rocha Pires Jose Manuel,Meat,Beff strips in a cream sauce,20,180,Main Dish,International,STEWED,20,"Stewed Beef (Goulash, Beef Bourguignon)",243.51,17.39,8.23,6.53,1.21,0,0.81,20.35,434.59,109.39,0.061,0.0012,0.023,2.33,0.354,14.29,C,1,0,0,0,0,0,0,0,0,0,0,0,0,0,Celery
SKER-AN-025,Asian Noodles,Skurvidas Ernestas ,Pasta,"Stir-fried noodles with vegetables, garlic, ginger and soy sauce.",4,320,Side Dish,,STIR FRY,1280,Asian Noodles (General),184.21,4.23,0.63,30.15,4.21,0,2.51,6.31,351.19,88.35,0.93,0,0.03,0.85,0.31,34.12,B,0,0,0,1,0,0,0,0,0,0,0,0,1,0,"Egg, Soy"
SKER-B-016,Bitterballen,Skurvidas Ernestas ,Meat,Dutch-style crispy fried beef ragout balls coated in breadcrumbs.,4,180,Side Dish,,DEEP FRIED,720,Breaded Beef,343.21,23.19,8.51,20.39,1.21,0,1.35,14.51,451.19,114,0.43,0.01,0.23,2.19,0.35,0,C,1,1,0,1,0,0,0,0,0,0,0,0,0,0,"Celery, Cereals w/ Gluten, Egg"
SKER-BB-009,Beef Bourguignon,Skurvidas Ernestas ,Meat,rich  beef dish,50,150,Main Dish,International,STEWED,12000,"Stewed Beef (Goulash, Beef Bourguignon)",243.12,14.51,4.23,10.35,3.19,0,1.42,20.19,351.19,883.79,0.059,0.0012,0.021,0.0025,0.35,23.11,B,0,0,0,0,0,0,0,0,0,0,0,0,0,0,NONE
SKER-BB-012,Beef Goulash,Stone Marijana,Meat,rich  beef dish,50,150,Main Dish,International,STEWED,12000,"Stewed Beef (Goulash, Beef Bourguignon)",173.41,8.55,2.53,6.35,2.19,0,1.21,15.61,351.19,883.79,0.036,0.0012,0.021,2.33,0.394,23.11,B,0,0,0,0,0,0,0,0,0,0,0,0,0,0,NONE
SKER-BC-013,Beef Cevapi,Skurvidas Ernestas ,Meat,Balkan-style grilled minced beef sausages seasoned with garlic and paprika.,4,320,Main Dish,,GRILL,1280,Stir-Fry Beef,243.19,17.41,6.23,0.51,0,0,0,24.59,351.19,88.01,0.065,0.001,0.015,2.31,0.36,0,C,0,0,0,0,0,0,0,0,0,0,0,0,0,0,NONE
SKER-BPB-049,Braised Pork Belly,Skurvidas Ernestas ,Meat,Pork belly slowly cooked in a rich savoury sauce,4,330,Main Dish,,BRAISED,1320,Stewed Pork,543.21,44.17,14.51,6.35,2.41,1.41,0.51,25.19,541.91,137.98,0.081,0.0002,0.021,1.53,0.43,5.21,D,1,0,0,0,1,0,0,0,0,0,0,0,1,0,"Celery, Fish, Soy"
SKER-BPP-004,BBQ pulled pork,Skurvidas Ernestas ,Meat,pulled pork meat BBQ flavours,50,150,Main Dish,International,ROAST,7000,Roasted Pork,343.21,24.19,8.35,6.53,4.21,2.53,0.35,25.19,542.11,1373.89,0.065,0.0012,0.021,0.012,0.43,0.05,C,0,0,0,0,0,0,0,0,0,0,0,0,1,0,Soy
SKER-BS-008,Beef Stroganoff,Skurvidas Ernestas ,Meat,tender beef creamy sauce,50,165,Main Dish,International,STEWED,11000,"Stewed Beef (Goulash, Beef Bourguignon)",173.41,8.19,2.53,10.35,2.19,1.41,0.81,15.61,351.19,88.45,0.035,0.0012,0.018,0.008,0.235,23.11,B,0,1,0,0,0,0,1,0,1,0,0,0,0,0,"Cereals w/ Gluten, Milk, Mustard"
SKER-BS-012,Beef Stroganoff,Stone Marijana,Meat,tender beef creamy sauce,50,165,Main Dish,International,STEWED,11000,"Stewed Beef (Goulash, Beef Bourguignon)",173.41,8.19,2.53,10.33,2.41,1.19,0.81,14.91,351.19,88.43,0.03,0,0.02,0.01,0.23,23.15,B,0,1,0,0,0,0,1,0,1,0,0,0,0,0,"Cereals w/ Gluten, Milk, Mustard"
SKER-BS-019,Beef Soup,Skurvidas Ernestas ,Soup,"Hearty beef soup with tender beef pieces, vegetables and rich beef broth.",4,300,Soup Of Day,,BOIL,1200,"Hearty Soups & Creams (Minestrone, Pumpkin Soup)",83.19,2.41,0.73,10.39,2.19,0,1.69,6.29,244.81,61.2,0.16,0,0.02,0.73,0.31,0.43,B,1,0,0,0,0,0,0,0,0,0,0,0,0,0,Celery
SKER-BS-033,Belgian Stew,Skurvidas Ernestas ,Meat,Traditional Belgian-style beef stew slowly cooked.,4,350,Main Dish,,STEWED,1400,"Stewed Beef (Goulash, Beef Bourguignon)",173.41,8.51,2.93,10.19,2.35,0,1.41,14.29,343.19,86.45,0.035,0.001,0.023,0.002,0.351,23.11,B,1,1,0,0,0,0,0,0,1,0,0,0,0,1,"Celery, Cereals w/ Gluten, Mustard, Sulfites"
SKER-BT-011,Beef Tacos,Skurvidas Ernestas ,Meat,beef tacos,50,200,Main Dish,International,GRILL,10000,Street Food,243.51,12.19,3.51,20.39,4.21,2.11,2.39,15.61,351.19,89.19,0.35,0.01,0.15,2.19,0.43,23.51,C,0,0,0,0,0,0,0,0,0,0,0,0,1,0,Soy
SKER-BV-030,Baked Vegetables,Skurvidas Ernestas ,Vegetables,Mixed vegetables baked with olive oil and herbs,4,220,Side Dish,,BAKE,880,Roasted Vegetables,45.19,0.93,0.13,9.31,5.51,0,2.41,1.63,55.45,13.86,0,0,0.03,0.53,0.42,100,A,0,0,0,0,0,0,0,0,0,0,0,0,0,0,NONE
SKER-BWB-032,Falafel,Petrauskiene Natalija  ,Vegetables,,6,120,Extra,,BAKE,,Vegetarian Dish,323.41,10.23,1.42,43.19,4.31,0,10.35,14.51,351.19,89.23,0,0,0.53,3.41,1.23,75,B,0,0,0,0,0,0,0,0,0,0,0,0,0,0,NONE
SKER-BWOAM-023,Buckwheat With Onion And Mushrooms,Skurvidas Ernestas ,Plant-Based,Cooked buckwheat mixed with sautéed onions and mushrooms.,4,220,Main Dish,,SAUTÉ,880,Vegetarian Dish,154.41,2.39,0.34,28.19,2.21,0,4.31,5.51,210.91,529.77,0,0,0.03,1.53,0.44,0.23,B,0,0,0,0,0,0,0,0,0,0,0,0,0,0,NONE
SKER-CC-036,Creamy Cauliflower,Skurvidas Ernestas ,Vegetables,Cauliflower cooked in a creamy cheese sauce,4,250,Side Dish,,BOIL,1000,Steamed Vegetables,104.41,7.43,4.63,6.19,2.41,0,2.41,2.93,244.09,61.02,0.02,0.01,0.15,0.53,0.31,0.67,B,0,0,0,0,0,0,0,0,0,0,0,0,0,0,NONE
SKER-CCWB-043,Corn Cob With Butter,Skurvidas Ernestas ,Vegetables,weet corn on the cob served with butter and salt.,4,180,Side Dish,,GRILL,720,Roasted Vegetables,132.41,4.17,2.64,26.23,5.91,0,2.55,3.17,252.78,63.19,0.01,0,0.02,0.45,0.36,85.71,B,0,0,0,0,0,0,0,0,0,0,0,0,0,0,NONE
SKER-CF-035,Chicken Fingers,Skurvidas Ernestas ,Meat,Breaded chicken breast strips fried,4,300,Main Dish,,FRIED,1200,Breaded Chicken,243.85,12.31,2.35,10.19,0.55,0,0.55,23.19,433.33,109.33,0.065,0.0004,0.015,0.85,0.33,0,C,0,1,0,1,0,0,0,0,0,0,0,0,0,0,"Cereals w/ Gluten, Egg"
SKER-CPB-007,Crispy Pork belly,Skurvidas Ernestas ,Meat,slowcooked Crispy pork belly,50,120,Main Dish,International,ROAST,12000,Roasted Pork,541.35,47.19,16.41,0.31,0.01,0,0.01,24.85,444.39,112.09,0.08,0.001,0.005,0.93,0.35,0,D,0,0,0,0,0,0,0,0,0,0,0,0,0,0,NONE
SKER-CS-014,Chicken Skewers,Skurvidas Ernestas ,Meat,Marinated chicken pieces grilled on skewers until tender and lightly charred.,4,320,Main Dish,,GRILL,1280,Skewers,165.41,8.13,2.03,0.43,0.04,0,0.08,24.21,433.75,109.34,0.065,0.0012,0.012,0.93,0.24,0,B,0,0,0,0,0,0,0,0,0,0,0,0,0,0,NONE
SKER-F-045,Focaccia,Skurvidas Ernestas ,Wraps & Sandwiches,"Italian flatbread baked with olive oil, rosemary and sea salt.",4,120,Side Dish,,BAKE,480,Wraps-Tortillas,282.41,7.39,1.03,45.19,1.21,0,2.31,8.31,433.33,1093.33,0,0,0.012,0.026,0.093,0,C,0,1,0,0,0,0,0,0,0,0,0,0,0,0,Cereals w/ Gluten
SKER-FMP-015,Fresh Made Pita,Skurvidas Ernestas ,Wraps & Sandwiches,"Soft homemade pita bread suitable for shawarma, gyros and grilled meats.",4,100,Side Dish,,BAKE,400,Wraps-Tortillas,282.5,2.5,0.4,55.6,1.2,0,2.5,10.3,200,500,0,0,0.015,0.0025,0.075,0,B,0,1,0,0,0,0,0,0,0,0,0,0,0,0,Cereals w/ Gluten
SKER-FSFS-017,Fresh Salad For Shawarma,Skurvidas Ernestas ,Vegetables,Fresh chopped salad for shawarma service.,4,120,Side Dish,,RAW,480,"Fresh Salads (Cold, Raw-Based)",20,0.2,0,4.5,2.5,0,1.5,1.2,100,250,0,0,0.05,0.5,200,100,A,0,0,0,0,0,0,0,0,0,0,0,0,0,0,NONE
SKER-FSWSS-046,Focaccia Sandwiches With Smoked Salmon,Skurvidas Ernestas ,Wraps & Sandwiches,"Focaccia sandwich filled with smoked salmon, cream cheese and herbs.",4,280,Side Dish,,RAW,1120,Wraps-Tortillas,283.19,14.51,8.31,24.19,2.41,0.41,1.81,15.39,351.19,883.79,0.35,0.0012,0.13,2.19,0.31,23.19,C,0,1,0,0,1,0,0,0,0,0,0,0,0,0,"Cereals w/ Gluten, Fish"
SKER-GCP-018,Grilled Chilli Peppers,Skurvidas Ernestas ,Vegetables,Fresh chilli peppers grilled with olive oil and salt until lightly charred.,4,80,Side Dish,,GRILL,320,Vegetable Stir-Fry,49.38,0.45,0.06,10.33,5.55,0,2.53,1.17,4.44,11.2,0,0,0.012,0.35,0.25,100,B,0,0,0,0,0,0,0,0,0,0,0,0,0,0,NONE
SKER-GPB-034,Garlic Pork Belly,Skurvidas Ernestas ,Meat,"Pork belly roasted with garlic, salt and pepper until tender.",4,330,Main Dish,,ROAST,1320,Roasted Pork,541.35,47.19,16.53,0.35,0.01,0,0.11,24.85,434.78,109.69,0.08,0.001,0.02,0.93,0.35,2.41,D,0,0,0,0,0,0,0,0,0,0,0,0,0,0,NONE
SKER-GS-020,Garlic Sauce,Skurvidas Ernestas ,Sauce,"Creamy garlic sauce suitable for grilled meats, shawarma and fries.",4,60,Side Dish,,RAW,240,"Hearty Soups & Creams (Minestrone, Pumpkin Soup)",374,37.4,6.3,7.4,2.5,0,0.2,2.5,433,109,0.012,0,0.058,0.17,0.63,0,D,0,0,0,0,0,0,0,0,0,0,0,0,0,0,NONE
SKER-HF-050,Halibut Fillet,Skurvidas Ernestas ,Fish & Seafood,"Halibut fillet cooked with lemon, olive oil and herbs until tender.",4,300,Main Dish,,BAKE,1200,Baked Fish Fillet,140,3.5,0.5,0,0,0,0,24,200,500,0.06,0.0004,0.02,0.001,0.4,0,B,0,0,0,0,1,0,0,0,0,0,0,0,0,0,Fish
SKER-HPC-040,Homemade Potato Chips,Skurvidas Ernestas ,Potatoes,Thinly sliced potatoes deep fried until crispy,4,150,Side Dish,,DEEP FRIED,600,French Fries,573,37.5,5.5,46.2,1.2,0,4.5,2.5,350,88.2,0,0,0.1,0.6,1.2,20,D,0,0,0,0,0,0,0,0,0,0,0,0,0,0,NONE
SKER-KBB-010,Korean beef bulgogi,Skurvidas Ernestas ,Meat,korean beef stew,50,150,Main Dish,International,GRILL,12000,Grilled Beef,233.41,12.19,3.51,13.41,6.29,2.33,1.39,23.19,351.19,88.41,0.061,0.0012,0.021,2.19,341.91,23.11,B,0,0,0,0,0,0,0,0,0,0,0,0,1,0,Soy
SKER-L-042,Lobster,Skurvidas Ernestas ,Fish & Seafood,Cooked lobster served with garlic butter and lemon.,4,300,Main Dish,,GRILL,1200,"Shellfish Dishes (Shrimp, Mussels, Clams)",140,2.5,0.5,0,0,0,0,25,200,500,60,0.001,0.05,0.5,0.3,0,B,0,0,0,0,1,0,0,0,0,0,0,0,0,0,Fish
SKER-LK-012,Lamb Kebab,Skurvidas Ernestas ,Meat,Juicy and aromatic lamb skewers with Middle Eastern spices.,4,250,Side Dish,Arabic,GRILL,1000,Skewers,245.51,17.39,6.23,4.21,0.41,0,0.25,23.19,351.19,89,0.065,0.0012,0.015,0.0023,0.034,5.12,B,0,0,0,0,0,0,0,0,0,0,0,0,0,0,NONE
SKER-LS-051,Lamb Stew,Skurvidas Ernestas ,Meat,Slow-cooked lamb stew with vegetables and herbs.,4,20,Main Dish,,STEWED,1360,Lamb Stew,173.41,8.31,2.51,6.19,1.91,0,1.41,14.19,351.19,89.19,0.35,0.02,0.03,1.51,0.35,23.19,B,1,0,0,0,0,0,0,0,0,0,0,0,0,0,Celery
SKER-OR-055,Onion Rings,Skurvidas Ernestas ,Vegetables,Crispy battered onion rings deep-fried until golden.,4,180,Side Dish,,DEEP FRIED,720,"Egg-Based Dishes (Omelet, Frittata, Shakshuka)",272.41,14.29,2.23,24.19,4.35,0,2.41,3.35,241.18,606.45,0.53,0,0.04,0.73,0.94,20,D,0,1,0,1,0,0,1,0,0,0,0,0,0,0,"Cereals w/ Gluten, Egg, Milk"
SKER-PA-001,Pork adobo,Skurvidas Ernestas ,Meat,thai pork stew,50,150,Main Dish,International,STEWED,6000,Stewed Pork,343.21,24.19,8.35,6.53,1.21,0,0.85,20.46,541.23,137.29,0.065,0.0012,0.021,1.23,0.394,12.56,C,0,0,0,0,0,0,0,0,0,0,0,0,1,0,Soy
SKER-PA-005,Pork adobo,Skurvidas Ernestas ,Meat,thai pork stew,50,150,Main Dish,International,STEWED,6000,Stewed Pork,344.21,23.19,7.35,6.53,1.21,0,0.81,20.35,541.19,137.38,0.065,0.0012,0.021,0.93,0.35,5.12,C,0,0,0,0,0,0,0,0,0,0,0,0,1,0,Soy
SKER-PC-026,Vanilla Panna Cotta With Fruit Jelly,Petrauskiene Natalija  ,Sauce,,6,120,Dessert,,BOIL,,"Desserts & Pastries (Cakes, Pies, Puddings)",124.15,3.41,2.31,23.19,20.35,6.23,0.23,5.51,43.91,11.05,0.13,0.0013,0.12,0.04,0.15,20.19,C,0,0,0,0,0,0,1,0,0,0,0,0,0,0,Milk
SKER-PC-027,Pizza Capricciosa,Skurvidas Ernestas ,Pizza,"Spicy pepperoni pizza with tomato sauce, mozzarella and sliced chillies.",4,280,Main Dish,,BAKE,1120,Street Food,344.21,17.39,7.31,34.19,4.21,1.43,2.35,14.19,541.91,1373.95,0.03,0.01,0.28,0.02,0.23,23.11,C,0,1,0,0,0,0,0,0,0,0,0,0,0,0,Cereals w/ Gluten
SKER-PC-028,Pizza Capricciosa,Skurvidas Ernestas ,Pizza,Alsatian-style thin pizza with crème fraîche,4,280,Main Dish,,BAKE,1120,Street Food,344.21,17.39,8.23,34.19,2.51,0.71,2.35,12.11,433.91,109.23,0.23,0.01,0.24,0.02,0.23,23.11,C,0,1,0,0,0,0,0,0,0,0,0,0,0,0,Cereals w/ Gluten
SKER-PP-054,Potato Pancakes,Skurvidas Ernestas ,Potatoes,Crispy pan-fried potato pancakes.,4,220,Side Dish,,FRIED,880,Potatoes,184.21,7.39,1.11,24.19,1.41,0,2.51,3.44,243.75,612.5,0.93,0,0.13,0.83,0.73,0.2,C,0,1,0,1,0,0,0,0,0,0,0,0,0,0,"Cereals w/ Gluten, Egg"
SKER-PS-003,Pork schnitzel,Skurvidas Ernestas ,Meat,breaded pork steak,50,150,Main Dish,International,FRIED,6000,Breaded Pork,343.21,20.55,7.35,10.23,0.51,0,0.71,23.19,433.91,109.23,0.065,0.0012,0.021,0.93,0.43,0,C,0,1,0,1,0,0,0,0,0,0,0,0,0,0,"Cereals w/ Gluten, Egg"
SKER-PS-012,Beef schnitzel Vienna,Stone Marijana,Meat,breaded beef steak,50,150,Main Dish,International,FRIED,7000,Breaded Beef,234.15,10.31,2.51,10.19,0.51,0,0.51,23.19,351.19,89.19,0.061,0.0012,0.021,0.0023,0.031,0,C,0,1,0,1,0,0,0,0,0,0,0,0,0,0,"Cereals w/ Gluten, Egg"
SKER-PS-038,Pork Soup,Skurvidas Ernestas ,Soup,Hearty pork soup with vegetables and a light savoury broth.,4,300,Soup Of Day,,STEWED,1200,"Hearty Soups & Creams (Minestrone, Pumpkin Soup)",83.19,2.41,0.73,12.19,2.35,0,1.93,5.51,244.91,620.91,0.16,0.01,0.15,0.93,0.43,0.25,B,1,0,0,0,0,0,0,0,0,0,0,0,0,0,Celery
SKER-PV-006,pork Vindaloo,Skurvidas Ernestas ,Meat,stewed thai pork,50,150,Main Dish,International,STEWED,7000,Stewed Pork,243.11,17.39,6.23,6.53,2.19,0,0.71,23.19,433.33,109.33,0.065,0.0004,0.021,0.0018,0.394,14.29,C,0,0,0,0,0,0,0,0,0,0,0,0,0,0,NONE
SKER-PWP-047,Pasta With Pork,Skurvidas Ernestas ,Pasta,Pasta served with tender pork and sauce.,4,330,Main Dish,,STEWED,1320,"Italian Pasta (Spaghetti, Lasagna, Tagliatelle)",234.15,8.51,1.93,28.39,4.23,0,2.55,18.29,351.19,88,0.046,0.0012,0.021,0.0085,0.351,14.29,B,0,0,0,0,0,0,0,0,0,0,0,0,0,0,NONE
SKER-RCB-029,Roasted Chicken Breast,Skurvidas Ernestas ,Meat,Oven-roasted chicken breast seasoned with herbs.,4,300,Main Dish,,ROAST,1200,Roasted Chicken,165.38,3.53,0.93,0.17,0.01,0,0,31.19,433.33,109.33,0.085,0.005,0.012,0.93,0.33,0,A,0,0,0,0,0,0,0,0,0,0,0,0,0,0,NONE
SKER-RF-052,Redfish Fillet,Skurvidas Ernestas ,Fish & Seafood,"Redfish fillet cooked with lemon, olive oil and herbs",4,300,Main Dish,,BAKE,1200,Baked Fish Fillet,143.88,3.54,0.63,0,0,0,0,26.3,240,600,0.06,0.0006,0.02,0.001,0.4,0,B,0,0,0,0,1,0,0,0,0,0,0,0,0,0,Fish
SKER-RTWPS-056,Roast Turkey With Pesto Sauce,Skurvidas Ernestas ,Meat,Roasted turkey served with basil pesto sauce.,4,330,Main Dish,,ROAST,1320,Roasted Chicken,162.41,3.94,1.04,0.34,0.04,0.04,0.04,32.19,434.85,109.21,0.085,0.0004,0.012,0.93,0.33,2.41,B,0,0,0,0,0,0,0,0,0,0,0,0,0,0,NONE
SKER-S-044,Sushi,Skurvidas Ernestas ,Fish & Seafood,,4,280,Main Dish,,BOIL,1120,Stir-Fried Noodles (Asian Style),173.41,2.51,0.35,30.19,2.31,1.07,1.21,10.39,351.19,88.23,0.24,0.0012,0.015,0.73,0.92,0.05,B,0,0,0,0,1,0,0,0,0,0,0,0,1,0,"Fish, Soy"
SKER-SASP-002,Sweet and sour Pork,Skurvidas Ernestas ,Meat,fried pork stripes with vibrant sauce,50,120,Main Dish,International,FRIED,7500,Stir-Fry Pork,243.51,14.29,4.93,15.19,6.35,2.51,1.41,18.39,433.33,109.33,0.058,0.0003,0.021,0.93,0.33,23.19,C,0,0,0,0,0,0,0,0,0,0,0,0,0,0,NONE
SKER-SCAP-037,Steamed Carrots And Peas,Skurvidas Ernestas ,Vegetables,Simple steamed carrots and green peas,4,220,Side Dish,,STEAM,880,Steamed Vegetables,45.19,0.63,0.19,9.41,4.19,0,2.81,2.55,104.55,262.88,0,0,0.038,0.85,355.41,100,A,0,0,0,0,0,0,0,0,0,0,0,0,0,0,NONE
SKER-SF-048,Salmon Fillet,Skurvidas Ernestas ,Fish & Seafood,"Salmon fillet cooked with lemon, dill and olive oil until tender.",4,300,Main Dish,,BAKE,1200,Baked Fish Fillet,208.45,12.24,2.14,0,0,0,0,20.57,241.19,606.98,0.059,0.00065,0.015,0.0013,0.394,0,B,0,0,0,0,1,0,0,0,0,0,0,0,0,0,Fish
SKER-SP-053,Salmon Pasta,Skurvidas Ernestas ,Pasta,Creamy pasta with salmon.,4,340,Main Dish,,BOIL,1360,"Italian Pasta (Spaghetti, Lasagna, Tagliatelle)",234.15,12.31,7.19,20.19,1.41,0,1.35,23.19,351.19,88.35,0.59,0.0012,0.17,1.31,0.43,5.26,B,0,0,0,0,1,0,0,0,0,0,0,0,0,0,Fish
SKER-SR-024,Sticky Rice,Skurvidas Ernestas ,Rice & Grains,Steamed glutinous rice with a soft and sticky texture.,4,220,Side Dish,,STEAM,880,Rice,130,0.2,0,28.5,0.1,0,0.5,2.5,5,5,0,0,0.01,0.2,0.1,0,B,0,0,0,0,0,0,0,0,0,0,0,0,0,0,NONE
SKER-SVPL-022,Sous Vide Pork Loin,Skurvidas Ernestas ,Meat,Tender pork loin cooked sous vide and finished with a light sear.,4,320,Main Dish,,ROAST,1280,Roasted Pork,243.19,14.41,4.93,0,0,0,0,26.51,433.75,109.34,0.074,0.0012,0.005,0.0018,0.43,0,B,0,0,0,0,0,0,0,0,0,0,0,0,0,0,NONE
SKER-T-021,Tzatziki,Skurvidas Ernestas ,Sauce,Greek yogurt sauce,4,80,Side Dish,,RAW,320,"Hearty Soups & Creams (Minestrone, Pumpkin Soup)",44.45,3.41,2.23,6.23,4.23,0,0.45,3.41,233.75,233.75,0.01,0,0.08,0.23,0.85,0.25,B,0,0,0,0,0,0,0,0,0,0,0,0,0,0,NONE
SKER-TS-041,T-Bone Steak,Skurvidas Ernestas ,Meat,Grilled T-bone steak simply seasoned,4,380,Main Dish,,GRILL,1520,Grilled Beef,233.33,15.33,5.33,0,0,0,0,26.67,433.33,109.33,0.67,0.001,0.013,2.33,0.43,0,B,0,0,0,0,0,0,0,0,0,0,0,0,0,0,NONE
SKER-VQ-039,Vegetable Quesadillas,Skurvidas Ernestas ,Wraps & Sandwiches,Grilled tortilla filled with sautéed vegetables,4,300,Side Dish,,GRILL,1200,Wraps-Tortillas,281.41,11.19,4.53,30.41,4.23,0,3.51,10.39,351.19,88.35,0.19,0.01,0.26,1.71,0.43,43.21,B,0,0,0,0,0,0,0,0,0,0,0,0,0,0,NONE
SKER-VSR-031,Vegetable Spring Rolls,Skurvidas Ernestas ,Vegetables,Crispy fried spring rolls filled with mixed vegetables,4,180,Side Dish,,DEEP FRIED,720,Vegetable Stir-Fry,244.41,10.35,1.43,28.19,4.23,0,2.51,4.39,351.19,88,0,0,0.26,1.31,0.43,67,B,0,1,0,0,0,0,0,0,0,0,0,1,1,0,"Cereals w/ Gluten, Sesame, Soy"
STMA-BB-004,Braised brisket,Stone Marijana,Meat,tender pieces of beef in juus,50,130,Main Dish,International,BRAISED,15000,"Stewed Beef (Goulash, Beef Bourguignon)",243.11,14.29,4.51,6.39,2.19,0.51,1.21,23.19,351.19,89.19,0.065,0.0012,0.021,0.0025,0.43,20.5,B,1,0,0,0,0,0,0,0,0,0,0,0,0,0,Celery
STMA-BB-006,Beef Burger,Stone Marijana,Meat,beef burguer with bun,50,200,Main Dish,International,GRILL,9000,Street Food,243.51,14.21,4.52,16.39,3.19,1.21,1.41,18.29,351.19,88.41,0.43,0.01,0.17,2.51,0.43,23.19,C,0,0,0,1,0,0,0,0,0,0,0,1,0,0,"Egg, Sesame"
STMA-BG-009,Beef Gyros,Stone Marijana,Meat,thin sliced beef with veggies,50,150,Main Dish,Arabic,GRILL,10000,Stir-Fry Beef,233.19,11.41,3.51,14.19,4.21,0.01,2.35,20.39,351.19,89.19,0.051,0.0012,0.073,2.35,0.394,24.56,B,0,1,0,0,0,0,0,0,0,0,0,0,0,0,Cereals w/ Gluten
STMA-BG-010,Bulgarian Burgundies Beef,Stone Marijana,Meat,rich  beef dish,50,150,Main Dish,International,STEWED,12000,"Stewed Beef (Goulash, Beef Bourguignon)",243.11,14.51,4.23,6.21,1.39,0,0.81,23.19,351.19,883.79,0.065,0.0014,0.021,2.31,0.35,23.19,B,0,0,0,0,0,0,0,0,0,0,0,0,0,0,NONE
STMA-BM-007,Beef Meatballs,Stone Marijana,Meat,Beef Meatballs in tomato sauce,50,180,Main Dish,Mediterranean,BRAISED,13000,"Stewed Beef (Goulash, Beef Bourguignon)",233.41,14.19,5.31,10.39,2.19,0.55,0.61,18.29,351.19,89.29,0.051,0.0013,0.043,0.011,0.231,12.51,C,1,1,0,1,0,0,1,0,0,0,0,0,0,0,"Celery, Cereals w/ Gluten, Egg, Milk"
STMA-BM-008,Beef Kebabs,Stone Marijana,Meat,Beef kebabs on skewers,50,180,Main Dish,Arabic,ROAST,10000,Skewers,243.11,14.21,4.52,10.35,2.19,1.41,0.51,20.19,351.19,89.19,0.051,0.0012,0.021,0.011,0.35,5.21,B,1,1,0,1,0,0,1,0,0,0,0,0,0,0,"Celery, Cereals w/ Gluten, Egg, Milk"
STMA-BR-003,Black Risotto,Stone Marijana,Rice & Grains,,8,300,Main Dish,Mediterranean,WARM,2400,Risotto & Creamy Rice,174.41,3.49,0.53,24.19,1.41,0,1.21,8.39,351.19,89.23,0.23,0,0.03,0.85,0.24,10.53,B,0,1,0,0,1,0,0,1,0,0,0,0,0,1,"Cereals w/ Gluten, Fish, Molluscan Shellfish, Sulfites"
STMA-BW-018,Beef Wellington,Stone Marijana,Meat,Beef rolled in puff pastry,50,160,Main Dish,International,ROAST,12000,Roasted Beef,343.21,23.19,8.41,14.51,1.23,0,0.81,20.35,351.19,89.29,0.061,0.0012,0.021,0.0025,0.235,5.23,B,0,1,0,1,0,0,0,0,1,0,0,0,0,0,"Cereals w/ Gluten, Egg, Mustard"
STMA-C-015,Carbonara,Stone Marijana,Pasta,"Traditional Roman pasta with a creamy egg-based sauce, pancetta, and parmesan",4,350,Main Dish,Mediterranean,WARM,1400,"Italian Pasta (Spaghetti, Lasagna, Tagliatelle)",384.21,24.19,10.35,24.51,1.41,0,1.35,18.29,541.19,136.91,0.23,0.01,0.17,1.31,0.22,5.26,C,0,0,0,1,0,0,0,0,0,0,0,0,0,0,Egg
STMA-C-039,Carbonara,Stone Marijana,Pasta,"Classic Roman pasta with egg, cheese and cured pork.",4,300,Side Dish,Mediterranean,WARM,1200,"Italian Pasta (Spaghetti, Lasagna, Tagliatelle)",384.21,24.17,9.35,25.19,1.41,0,1.35,20.55,734.29,185.57,0.23,0.01,0.28,1.31,0.23,0,B,0,0,0,1,0,0,0,0,0,0,0,0,0,0,Egg
STMA-CB-034,Chilli Beans,Stone Marijana,Meat,Spiced minced beef with beans in tomato sauce.,4,320,Side Dish,International,STEWED,1280,Beans,156.19,6.43,1.83,14.19,4.23,0,4.35,14.29,351.19,883.95,0.29,0,0.03,2.31,0.54,43.21,B,0,0,0,0,0,0,0,0,0,0,0,0,0,0,NONE
STMA-CC-017,Chinese Chicken,Stone Marijana,Meat,"Quick stir-fried chicken with soy, typical of Chinese cuisine.",4,300,Main Dish,International,FRIED,1200,Stir-Fry Chicken,154.41,3.59,0.93,4.85,1.23,0,0.63,24.19,434.79,109.35,0.065,0.0012,0.015,0.93,0.43,23.07,B,0,0,0,0,0,0,0,0,0,0,0,1,1,0,"Sesame, Soy"
STMA-CCB-030,Chicken Cordon Bleu,Stone Marijana,Meat,Breaded chicken breast stuffed with ham and melted cheese.,4,220,Main Dish,French,FRIED,880,Breaded Chicken,344.21,20.19,6.35,10.41,0.61,0,0.51,29.19,541.19,137.19,0.073,0.0014,0.194,1.311,0.394,0,C,0,0,0,1,0,0,0,0,0,0,0,0,0,0,Egg
STMA-CCC-020,Chilli com carne,Stone Marijana,Meat,ground beef stew with beans ,50,200,Side Dish,International,STEWED,12000,"Stewed Beef (Goulash, Beef Bourguignon)",173.41,8.31,2.53,10.39,2.55,1.19,2.25,14.19,351.19,88.45,0.03,0,0.03,0.01,0.35,23.15,B,0,0,0,0,0,0,0,0,0,0,0,0,1,0,Soy
STMA-CMP-016,Chicken Mushroom Pasta,Stone Marijana,Pasta,"Tender chicken and mushrooms cooked in a creamy sauce, tossed with pasta.",4,380,Main Dish,Mediterranean,BRAISED,1520,"Italian Pasta (Spaghetti, Lasagna, Tagliatelle)",184.21,8.51,2.41,15.19,1.31,0,1.41,18.39,241.19,606.91,0.034,0.001,0.015,0.008,0.231,23.11,B,0,0,0,0,0,0,0,0,0,0,0,0,0,0,NONE
STMA-CP-026,Chicken Picatta,Stone Marijana,Meat,Grill chicken with capers and lemon sauce,50,140,Main Dish,French,GRILL,11000,Grilled Chicken,173.41,7.35,2.31,4.19,0.41,0,0.35,24.19,433.79,109.35,0.065,0.0012,0.015,0.93,0.35,5.21,B,0,1,0,0,0,0,0,0,0,0,0,0,0,0,Cereals w/ Gluten
STMA-CPR-012,Chicken Pilaf Rice,Stone Marijana,Rice & Grains,Aromatic pilaf-style rice cooked with tender chicken and vegetables.,1,600,Main Dish,Arabic,STEWED,600,"Stewed Poultry (Coq Au Vin, Chicken Curry)",154.21,3.41,0.63,24.19,1.41,0,1.81,10.39,241.19,606.91,0.02,0,0.02,0.81,0.24,43.21,B,1,0,0,0,0,0,0,0,0,0,0,0,0,0,Celery
STMA-CR-038,Coconut Rice,Stone Marijana,Rice & Grains,Fragrant rice cooked with coconut milk.,4,180,Side Dish,International,WARM,720,Risotto & Creamy Rice,173.41,8.31,7.23,24.19,0.41,0,0.71,2.51,104.17,262.92,0,0,0.02,0.29,0.13,0,C,0,0,0,0,0,0,1,0,0,1,0,0,0,0,"Milk, nuts"
STMA-CS-024,Chicken Schnitzel,Stone Marijana,Meat,Crispy breaded chicken,4,220,Main Dish,International,FRIED,880,Breaded Chicken,234.12,10.31,1.93,10.19,0.55,0,0.51,24.39,351.19,883.79,0.065,0.0012,0.021,0.93,0.34,0,C,0,0,0,1,0,0,0,0,0,0,0,0,0,0,Egg
STMA-CSWP-025,Chicken Stew With Peas,Stone Marijana,Meat,Chicken stew with tender pieces of chicken and sweet peas,4,400,Main Dish,International,STEWED,1600,"Stewed Poultry (Coq Au Vin, Chicken Curry)",166.41,8.31,1.93,6.19,2.35,0,1.41,15.61,434.69,109.37,0.36,0,0.03,0.93,0.33,0.43,B,1,0,0,0,0,0,0,0,0,0,0,0,0,0,Celery
STMA-CW-032,Chicken Wraps,Stone Marijana,Wraps & Sandwiches,Warm tortilla wraps filled with seasoned chicken and fresh garnish.,4,320,Main Dish,International,GRILL,1280,Wraps-Tortillas,244.41,10.33,2.31,23.19,2.55,0.51,2.19,20.39,351.19,88.45,0.058,0.005,0.073,1.31,0.351,23.15,B,0,0,0,0,0,0,0,0,0,0,0,0,0,0,NONE
STMA-MB-022,Mongolian Beef,Stone Marijana,Meat,stir-fry beef stripes glazed,50,140,Side Dish,International,GRILL,9000,Stir-Fry Beef,173.41,8.23,1.53,6.53,2.31,1.99,1.41,15.61,351.19,88.43,0.035,0.0012,0.015,0.93,0.31,24.57,B,0,0,0,0,0,0,0,0,0,0,0,0,1,0,Soy
STMA-MB-035,Mongolian Beef,Stone Marijana,Meat,Tender beef strips glazed in sweet soy sauce.,4,250,Main Dish,International,FRIED,1000,Stir-Fry Beef,243.19,14.29,2.59,10.41,6.31,5.99,0.41,23.19,351.19,4,0.06,0,0.02,2.19,0.35,5.19,C,0,0,0,0,0,0,0,0,0,0,0,0,1,0,Soy
"STMA-ML""-019",Mat Loaf Stefani,Stone Marijana,Meat,Beef meat loaf with boiled egg,50,160,Side Dish,International,ROAST,11000,Roasted Beef,243.51,14.29,5.23,6.39,1.21,0,0.51,23.19,434.91,109.74,0.65,0.01,0.03,0.02,0.35,5.12,C,0,0,0,1,0,0,0,0,0,0,0,0,0,0,Egg
STMA-OS-001,Oxtails stew,Stone Marijana,Meat,Slowcooked oxtails ,50,200,Main Dish,International,STEWED,13000,"Stewed Beef (Goulash, Beef Bourguignon)",173.41,8.31,2.53,6.39,1.91,0.21,1.23,14.19,351.19,89.19,0.035,0.0012,0.023,0.0021,0.31,23.11,B,1,1,0,0,0,0,0,0,0,0,0,0,0,0,"Celery, Cereals w/ Gluten"
STMA-P-036,Pizza,Stone Marijana,Pizza,Classic Italian oven-baked pizza,4,380,Main Dish,Mediterranean,WARM,1520,Street Food,344.21,18.39,7.31,28.19,4.21,0.41,2.11,14.29,541.19,137.19,0.33,0.01,0.29,1.51,0.24,10.21,C,0,1,0,0,0,0,0,0,0,0,0,0,0,0,Cereals w/ Gluten
STMA-PC-027,Pork Chops,Stone Marijana,Meat,Grilled pork chops,50,150,Side Dish,Mediterranean,GRILL,10000,Grilled Pork,245.51,14.11,4.93,0.51,0,0,0,24.19,444.11,112.26,0.065,0.004,0.021,1.31,384.19,0,C,0,0,0,0,0,0,0,0,0,0,0,0,0,0,NONE
STMA-PRP-013,Pork Rice Pilaf,Stone Marijana,Rice & Grains,Flavourful pilaf featuring tender pork cooked with rice and vegetables,6,340,Main Dish,International,STEWED,2030,Stewed Pork,173.41,6.29,1.23,20.55,1.41,0,2.35,12.19,241.19,605.95,0.03,0,0.02,0.01,0.34,0.23,B,0,0,0,0,0,0,0,0,0,0,0,0,0,0,NONE
STMA-RC-023,Roast Chicken,Stone Marijana,Meat,Classic oven-roasted whole chicken with crispy skin and juicy meat,4,350,Main Dish,International,ROAST,1400,Roasted Chicken,216.41,12.19,3.39,0,0,0,0,26.43,433.75,109.38,0.074,0.0012,0.012,0.0013,0.23,0,B,0,0,0,0,0,0,0,0,0,0,0,0,0,0,NONE
STMA-RP-037,Roasted Potatoes,Stone Marijana,Vegetables,Crispy roasted potatoes with soft interior.,4,220,Side Dish,Mediterranean,ROAST,880,Potatoes,118.41,3.47,0.53,22.19,0.71,0,2.44,2.26,173.64,439.1,0,0,0.012,0.73,0.52,0.95,B,0,0,0,0,0,0,0,0,0,0,0,0,0,0,NONE
STMA-S&SC-033,Crispy Chicken in Sweet and Sour Sauce,Stone Marijana,Meat,Crispy chicken coated in sweet and sour sauce.,4,260,Main Dish,International,DEEP FRIED,1040,Stir-Fry Chicken,244.41,10.31,1.71,20.19,8.41,6.21,1.39,23.19,351.19,88.29,0.065,0.0012,0.015,0.93,0.43,23.11,C,0,0,0,0,0,0,0,0,0,0,0,0,0,0,NONE
STMA-SB-014,Spaghetti Bolognese,Stone Marijana,Pasta,A classic Italian pasta with slow-simmered beef and tomato sauce,4,400,Main Dish,Mediterranean,STEWED,1600,"Italian Pasta (Spaghetti, Lasagna, Tagliatelle)",173.41,8.23,2.51,17.19,4.31,0.71,2.35,12.11,351.19,88.41,0.29,0.01,0.23,1.93,0.54,23.11,B,1,0,0,0,0,0,0,0,0,0,0,0,0,0,Celery
STMA-SC-031,Stir-Fry Chicken,Stone Marijana,Meat,Quick-cooked chicken with vegetables and light soy seasoning.,4,230,Main Dish,International,FRIED,920,Stir-Fry Chicken,143.19,6.41,1.23,4.93,1.41,0,1.35,23.41,434.78,109.69,0.065,0.0012,0.015,0.93,0.43,45.12,B,1,0,0,0,0,0,0,0,0,0,0,0,1,0,"Celery, Soy"
VADR-BBS-007,Belgian Beef Stew,Vasilij Dresvianin,Meat,(Carbonnade Flamande / Stoofvlees),4,380,Main Dish,,STEWED,,"Stewed Beef (Goulash, Beef Bourguignon)",243.41,14.21,4.53,10.35,2.51,1.5,1.21,20.19,434.19,109.29,0.061,0.0012,0.021,0.0023,0.351,12.15,B,1,1,0,0,0,0,0,0,1,0,0,0,0,1,"Celery, Cereals w/ Gluten, Mustard, Sulfites"
VADR-BFF-020,Butter Fried Fish,Vasilij Dresvianin,Fish & Seafood,Pan-fried fish fillets cooked in butter with a light lemon,4,250,Main Dish,,FRIED,,Breaded Fish,233.41,12.31,7.29,4.39,0.21,0,0.31,24.85,433.75,1093.75,0.065,0.0004,0.023,0.0013,0.43,2.51,C,0,1,0,0,1,0,0,0,0,0,0,0,0,0,"Cereals w/ Gluten, Fish"
VADR-BM-006,Beef Moussaka,Vasilij Dresvianin,Meat,Traditional greek baked dish,4,400,Main Dish,,BAKE,,Breaded Beef,243.41,14.21,6.35,14.19,4.31,0.51,2.53,15.61,351.19,883.79,0.43,0.01,0.17,1.81,0.43,34.21,B,0,1,0,1,0,0,1,0,0,0,0,0,0,0,"Cereals w/ Gluten, Egg, Milk"
VADR-BNS-005,Beef Noodle Soup,Vasilij Dresvianin,Soup,"Asian-style soup with tender beef, noodles and vegetables",4,400,Soup Of Day,,BOIL,,"Hearty Soups & Creams (Minestrone, Pumpkin Soup)",143.21,4.35,1.42,15.61,2.31,0,1.93,10.39,434.79,109.35,0.24,0.01,0.03,0.93,0.35,34.21,B,1,0,0,1,0,0,0,0,0,0,0,0,1,0,"Celery, Egg, Soy"
VADR-BP-016,Baby Potatoes,Vasilij Dresvianin,Potatoes,Crispy baby potatoes seasoned with garlic and herbs.,4,250,Side Dish,,ROAST,,Potatoes,118.29,3.33,0.47,23.19,1.92,0,3.33,2.44,174.44,442.11,0,0,0.027,0.93,0.73,80,B,0,0,0,0,0,0,0,0,0,0,0,0,0,0,NONE
VADR-CB-009,Chicken Burger,Vasilij Dresvianin,Meat,Grilled chicken burger,4,220,Main Dish,,GRILL,,Breaded Chicken,165.38,3.59,0.93,0,0,0,0,31.43,433.64,109.09,0.074,0.0012,0.012,0.93,0.33,0,B,0,0,0,0,0,0,0,0,0,0,0,0,0,0,NONE
VADR-CIMS-019,Chicken In Mushroom Sauce,Vasilij Dresvianin,Meat,Grilled chicken breast served with a rich creamy mushroom sauce.,4,350,Main Dish,,GRILL,,Grilled Chicken,174.41,8.31,2.53,4.39,1.21,0,0.71,23.19,434.79,109.35,0.065,0.0012,0.015,0.93,0.36,14.29,B,1,1,0,0,0,0,0,0,0,0,0,0,0,0,"Celery, Cereals w/ Gluten"
VADR-CM-015,Chinese Meatballs,Vasilij Dresvianin,Meat,Meatballs made with a mixture of meet then coated in a sweet and savoury Asian-style sauce.,4,320,Main Dish,,FRIED,,Stir-Fry Beef,343.21,23.19,7.35,12.51,4.23,2.11,0.81,23.45,541.19,137.43,0.065,0.0012,0.023,0.018,0.351,12.56,C,0,1,0,1,1,0,0,0,0,0,0,0,1,0,"Cereals w/ Gluten, Egg, Fish, Soy"
VADR-CP-003,Cauliflower Pancakes,Vasilij Dresvianin,Vegetables,"Savoury pancakes made with cauliflower, eggs and cheese.",4,220,Side Dish,,FRIED,,Vegetable Stir-Fry,184.29,8.51,2.31,14.19,2.41,0,4.21,7.39,241.82,606.45,0.13,0,0.17,1.21,0.43,60,B,0,1,0,1,0,0,0,0,0,0,0,0,0,0,"Cereals w/ Gluten, Egg"
VADR-CST-002,Chinese Style Tagliatelle,Vasilij Dresvianin,Pasta,Tagliatelle pasta stir-fried with vegetables,4,340,Side Dish,,STIR FRY,,"Italian Pasta (Spaghetti, Lasagna, Tagliatelle)",154.41,3.94,0.55,24.19,4.23,0,2.41,4.31,351.19,88.35,0,0,0.03,0.85,0.24,43.53,B,0,0,0,0,1,0,0,0,0,0,0,1,1,0,"Fish, Sesame, Soy"
VADR-FC-012,Fried Cod,Vasilij Dresvianin,Fish & Seafood,Cod fillets coated in seasoned flour and fried.,4,250,Main Dish,,FRIED,,Fish Dishes (General),233.41,12.19,1.83,6.35,0.41,0,0.25,20.55,433.75,1093.75,0.057,0.0003,0.038,0.73,0.34,0,C,0,1,0,1,1,0,1,0,0,0,0,0,0,0,"Cereals w/ Gluten, Egg, Fish, Milk"
VADR-GS-010,Grilled Sausages,Vasilij Dresvianin,Meat,Pork sausages grilled,4,300,Side Dish,,GRILL,,Street Food,343,28.5,9.5,0.5,0.1,0,0.1,23.5,550,1375,0.065,0.0002,0.02,1.2,0.4,0,C,0,0,0,0,0,0,0,0,0,0,0,0,0,0,NONE
VADR-GSP-001,Grilled Sweet Potato,Vasilij Dresvianin,Potatoes,Sweet potato slices grilled with olive oil and herbs,4,250,Side Dish,,GRILL,,Potatoes,105.38,2.17,0.31,22.97,4.01,0,3.85,1.98,213.33,538.33,0,0,0.038,0.783,542.5,100,B,0,0,0,0,0,0,0,0,0,0,0,0,0,0,NONE
VADR-HD-004,Hot Dog,Vasilij Dresvianin,Burger,,4,250,Main Dish,,BOIL,,Street Food,344.29,24.19,8.35,24.55,6.29,4.55,1.35,11.49,744.21,186.05,0.35,0.01,0.17,1.93,0.33,14.29,C,0,1,0,0,0,0,0,0,1,0,0,0,0,0,"Cereals w/ Gluten, Mustard"
VADR-PD-018,Pork Dragon,Vasilij Dresvianin,Meat,Crispy fried pork strips coated in a spicy sweet Dragon sauce,4,330,Main Dish,,DEEP FRIED,,Stir-Fry Pork,444.29,24.41,7.35,24.19,8.31,5.51,1.21,23.19,541.19,136.79,0.59,0.01,0.02,0.93,0.43,14.29,C,0,1,0,1,1,0,0,0,0,0,0,0,1,0,"Cereals w/ Gluten, Egg, Fish, Soy"
VADR-PFP-022,Pan Fried Potatoes,Vasilij Dresvianin,Potatoes,Boiled potatoes pan-fried,4,250,Side Dish,,FRIED,,Potatoes,154.41,3.55,0.71,28.15,1.35,0,2.45,2.55,245.91,618.59,0.01,0,0.02,0.65,0.73,80,C,0,0,0,0,0,0,0,0,0,0,0,0,0,0,NONE
VADR-PR-017,Pork Ribs,Vasilij Dresvianin,Meat,Oven-roasted pork ribs seasoned with herbs and spices.,4,350,Main Dish,,ROAST,,Roasted Pork,343.21,24.59,8.41,0.41,0.04,0,0.11,23.19,433.33,109.33,0.065,0.0012,0.021,0.94,0.35,0,C,0,0,0,0,0,0,0,0,0,0,0,0,0,0,NONE
VADR-PRWS-008,Pork Roulade With Spinach,Vasilij Dresvianin,Meat,Pork loin rolled with spinach and cheese,4,340,Main Dish,,ROAST,,Breaded Pork,243.19,14.41,4.93,0.33,0.04,0,0.11,26.39,433.59,109.29,0.073,0.0003,0.012,0.0018,0.043,5.26,C,0,0,0,0,0,0,0,0,0,0,0,0,0,0,NONE
VADR-PT-013,Pork Tortilla,Vasilij Dresvianin,Meat,Tortillas filled with seasoned pork strips and vegetables.,4,20,Side Dish,,FRIED,,Wraps-Tortillas,344.21,20.53,7.35,24.19,4.21,0.51,2.53,18.29,434.12,109.28,0.046,0.0003,0.183,1.53,0.394,23.15,C,0,0,0,0,0,0,0,0,0,0,0,0,0,0,NONE
VADR-RSP-021,Roast Sweet Potato,Vasilij Dresvianin,Potatoes,Oven-roasted sweet potato wedges seasoned with herbs and spices.,4,250,Side Dish,,ROAST,,Potatoes,105.38,0.35,0.06,24.37,4.18,0,3.85,1.61,12.73,32.21,0,0,0.03,0.69,0.52,100,A,0,0,0,0,0,0,0,0,0,0,0,0,0,0,NONE
VADR-SFTWV-011,Stir Fried Turkey With Vegetables,Vasilij Dresvianin,Meat,Tender turkey breast strips stir-fried with fresh vegetables,4,340,Main Dish,,STIR FRY,,Stir-Fry Chicken,143.21,3.93,0.83,6.35,2.51,0.25,2.19,23.55,351.19,88.45,0.06,0.01,0.02,0.93,0.44,55.12,B,0,0,0,0,1,0,0,0,0,0,0,0,1,0,"Fish, Soy"
VADR-TS-014,Turkey Soup,Vasilij Dresvianin,Soup,Hearty soup prepared with turkey and vegetables,4,400,Soup Of Day,,BOIL,,"Hearty Soups & Creams (Minestrone, Pumpkin Soup)",83.41,1.93,0.43,8.41,2.21,0,1.21,6.51,341.19,86.41,0.02,0,0.02,0.65,0.24,23.19,B,1,0,0,1,0,0,0,0,0,0,0,0,0,0,"Celery, Egg"
